,Trial,Distance,DeadLine,Sucess,Steps,Epsilon,Alpha,Gamma,QTableSize
0,0,15,75,Y,54,0.1,0.2,0.2,21
1,1,14,70,Y,55,0.1,0.2,0.2,26
2,2,8,40,Y,18,0.1,0.2,0.2,30
3,3,10,50,Y,21,0.1,0.2,0.2,31
4,4,19,95,Y,57,0.1,0.2,0.2,47
5,5,10,50,Y,33,0.1,0.2,0.2,53
6,6,8,40,Y,19,0.1,0.2,0.2,57
7,7,9,45,Y,13,0.1,0.2,0.2,58
8,8,8,40,Y,11,0.1,0.2,0.2,60
9,9,11,55,Y,24,0.1,0.2,0.2,62
10,10,7,35,Y,14,0.1,0.2,0.2,63
11,11,10,50,Y,29,0.1,0.2,0.2,68
12,12,10,50,Y,18,0.1,0.2,0.2,68
13,13,5,25,Y,9,0.1,0.2,0.2,68
14,14,6,30,Y,13,0.1,0.2,0.2,68
15,15,17,85,Y,43,0.1,0.2,0.2,72
16,16,13,65,Y,22,0.1,0.2,0.2,72
17,17,9,45,Y,24,0.1,0.2,0.2,72
18,18,7,35,Y,12,0.1,0.2,0.2,72
19,19,9,45,Y,22,0.1,0.2,0.2,77
20,20,12,60,Y,19,0.1,0.2,0.2,77
21,21,8,40,Y,12,0.1,0.2,0.2,77
22,22,5,25,Y,11,0.1,0.2,0.2,77
23,23,17,85,Y,42,0.1,0.2,0.2,79
24,24,9,45,Y,18,0.1,0.2,0.2,80
25,25,8,40,Y,18,0.1,0.2,0.2,80
26,26,8,40,Y,13,0.1,0.2,0.2,80
27,27,5,25,Y,7,0.1,0.2,0.2,80
28,28,8,40,Y,39,0.1,0.2,0.2,84
29,29,12,60,Y,39,0.1,0.2,0.2,87
30,30,10,50,Y,19,0.1,0.2,0.2,87
31,31,12,60,Y,44,0.1,0.2,0.2,89
32,32,9,45,Y,20,0.1,0.2,0.2,89
33,33,12,60,Y,19,0.1,0.2,0.2,89
34,34,6,30,Y,18,0.1,0.2,0.2,91
35,35,6,30,Y,16,0.1,0.2,0.2,92
36,36,8,40,Y,18,0.1,0.2,0.2,95
37,37,13,65,Y,27,0.1,0.2,0.2,95
38,38,14,70,Y,48,0.1,0.2,0.2,97
39,39,7,35,Y,12,0.1,0.2,0.2,97
40,40,9,45,Y,15,0.1,0.2,0.2,97
41,41,7,35,Y,15,0.1,0.2,0.2,97
42,42,13,65,Y,23,0.1,0.2,0.2,98
43,43,7,35,Y,6,0.1,0.2,0.2,98
44,44,10,50,Y,27,0.1,0.2,0.2,100
45,45,10,50,Y,18,0.1,0.2,0.2,101
46,46,7,35,Y,12,0.1,0.2,0.2,101
47,47,12,60,Y,32,0.1,0.2,0.2,105
48,48,4,20,Y,10,0.1,0.2,0.2,105
49,49,4,20,Y,8,0.1,0.2,0.2,106
50,50,16,80,Y,36,0.1,0.2,0.2,111
51,51,7,35,Y,13,0.1,0.2,0.2,112
52,52,9,45,Y,28,0.1,0.2,0.2,112
53,53,12,60,Y,51,0.1,0.2,0.2,116
54,54,4,20,Y,6,0.1,0.2,0.2,116
55,55,8,40,Y,30,0.1,0.2,0.2,116
56,56,14,70,Y,51,0.1,0.2,0.2,119
57,57,4,20,Y,8,0.1,0.2,0.2,119
58,58,9,45,Y,30,0.1,0.2,0.2,122
59,59,10,50,Y,21,0.1,0.2,0.2,122
60,60,12,60,Y,45,0.1,0.2,0.2,127
61,61,7,35,Y,18,0.1,0.2,0.2,127
62,62,12,60,Y,36,0.1,0.2,0.2,128
63,63,7,35,Y,9,0.1,0.2,0.2,128
64,64,18,90,Y,33,0.1,0.2,0.2,129
65,65,19,95,Y,33,0.1,0.2,0.2,130
66,66,13,65,Y,23,0.1,0.2,0.2,130
67,67,7,35,Y,13,0.1,0.2,0.2,130
68,68,5,25,Y,6,0.1,0.2,0.2,130
69,69,7,35,Y,15,0.1,0.2,0.2,130
70,70,8,40,Y,17,0.1,0.2,0.2,130
71,71,4,20,Y,4,0.1,0.2,0.2,130
72,72,15,75,Y,33,0.1,0.2,0.2,130
73,73,8,40,Y,30,0.1,0.2,0.2,132
74,74,8,40,Y,36,0.1,0.2,0.2,132
75,75,14,70,Y,21,0.1,0.2,0.2,132
76,76,6,30,Y,9,0.1,0.2,0.2,134
77,77,5,25,Y,5,0.1,0.2,0.2,134
78,78,8,40,Y,11,0.1,0.2,0.2,134
79,79,5,25,Y,15,0.1,0.2,0.2,134
80,80,11,55,Y,24,0.1,0.2,0.2,134
81,81,7,35,Y,16,0.1,0.2,0.2,134
82,82,7,35,Y,12,0.1,0.2,0.2,135
83,83,4,20,Y,6,0.1,0.2,0.2,135
84,84,13,65,Y,24,0.1,0.2,0.2,135
85,85,6,30,Y,12,0.1,0.2,0.2,135
86,86,7,35,Y,12,0.1,0.2,0.2,135
87,87,14,70,Y,39,0.1,0.2,0.2,138
88,88,7,35,Y,9,0.1,0.2,0.2,139
89,89,18,90,Y,30,0.1,0.2,0.2,139
90,90,10,50,Y,21,0.1,0.2,0.2,143
91,91,5,25,Y,10,0.1,0.2,0.2,143
92,92,4,20,Y,11,0.1,0.2,0.2,144
93,93,8,40,Y,15,0.1,0.2,0.2,144
94,94,10,50,Y,28,0.1,0.2,0.2,144
95,95,6,30,Y,12,0.1,0.2,0.2,145
96,96,16,80,Y,27,0.1,0.2,0.2,145
97,97,9,45,Y,15,0.1,0.2,0.2,145
98,98,10,50,Y,21,0.1,0.2,0.2,145
99,99,14,70,Y,36,0.1,0.2,0.2,145
100,0,10,50,Y,28,0.1,0.2,0.25,17
101,1,9,45,Y,15,0.1,0.2,0.25,21
102,2,14,70,Y,40,0.1,0.2,0.25,29
103,3,13,65,Y,30,0.1,0.2,0.25,32
104,4,7,35,Y,12,0.1,0.2,0.25,32
105,5,10,50,Y,37,0.1,0.2,0.25,41
106,6,16,80,Y,36,0.1,0.2,0.25,46
107,7,16,80,Y,43,0.1,0.2,0.25,47
108,8,6,30,Y,14,0.1,0.2,0.25,48
109,9,12,60,Y,39,0.1,0.2,0.25,55
110,10,5,25,Y,7,0.1,0.2,0.25,55
111,11,11,55,Y,24,0.1,0.2,0.25,60
112,12,11,55,Y,18,0.1,0.2,0.25,60
113,13,14,70,Y,51,0.1,0.2,0.25,61
114,14,5,25,Y,12,0.1,0.2,0.25,61
115,15,4,20,N,21,0.1,0.2,0.25,61
116,16,12,60,Y,24,0.1,0.2,0.25,63
117,17,11,55,Y,20,0.1,0.2,0.25,64
118,18,7,35,Y,33,0.1,0.2,0.25,68
119,19,14,70,Y,69,0.1,0.2,0.25,72
120,20,20,100,Y,30,0.1,0.2,0.25,72
121,21,7,35,N,36,0.1,0.2,0.25,75
122,22,12,60,Y,17,0.1,0.2,0.25,75
123,23,7,35,Y,18,0.1,0.2,0.25,76
124,24,8,40,Y,22,0.1,0.2,0.25,79
125,25,11,55,Y,28,0.1,0.2,0.25,80
126,26,6,30,Y,9,0.1,0.2,0.25,81
127,27,5,25,Y,6,0.1,0.2,0.25,81
128,28,6,30,Y,9,0.1,0.2,0.25,82
129,29,11,55,Y,28,0.1,0.2,0.25,82
130,30,12,60,Y,27,0.1,0.2,0.25,83
131,31,13,65,Y,33,0.1,0.2,0.25,83
132,32,5,25,Y,4,0.1,0.2,0.25,83
133,33,13,65,Y,27,0.1,0.2,0.25,83
134,34,6,30,Y,16,0.1,0.2,0.25,83
135,35,5,25,Y,12,0.1,0.2,0.25,84
136,36,9,45,Y,18,0.1,0.2,0.25,84
137,37,4,20,Y,11,0.1,0.2,0.25,84
138,38,14,70,Y,69,0.1,0.2,0.25,87
139,39,8,40,Y,17,0.1,0.2,0.25,88
140,40,13,65,Y,17,0.1,0.2,0.25,88
141,41,9,45,Y,16,0.1,0.2,0.25,92
142,42,8,40,Y,38,0.1,0.2,0.25,93
143,43,9,45,Y,18,0.1,0.2,0.25,93
144,44,8,40,Y,9,0.1,0.2,0.25,93
145,45,6,30,Y,7,0.1,0.2,0.25,93
146,46,12,60,Y,21,0.1,0.2,0.25,93
147,47,9,45,Y,42,0.1,0.2,0.25,93
148,48,19,95,Y,42,0.1,0.2,0.25,97
149,49,14,70,Y,30,0.1,0.2,0.25,98
150,50,6,30,Y,12,0.1,0.2,0.25,98
151,51,15,75,Y,36,0.1,0.2,0.25,101
152,52,16,80,Y,31,0.1,0.2,0.25,106
153,53,9,45,Y,18,0.1,0.2,0.25,108
154,54,6,30,N,31,0.1,0.2,0.25,108
155,55,15,75,Y,34,0.1,0.2,0.25,108
156,56,6,30,Y,10,0.1,0.2,0.25,109
157,57,19,95,Y,78,0.1,0.2,0.25,113
158,58,14,70,Y,33,0.1,0.2,0.25,113
159,59,8,40,Y,13,0.1,0.2,0.25,114
160,60,9,45,Y,30,0.1,0.2,0.25,116
161,61,12,60,Y,45,0.1,0.2,0.25,117
162,62,9,45,Y,16,0.1,0.2,0.25,117
163,63,5,25,Y,8,0.1,0.2,0.25,117
164,64,13,65,Y,18,0.1,0.2,0.25,117
165,65,13,65,Y,27,0.1,0.2,0.25,118
166,66,6,30,Y,18,0.1,0.2,0.25,119
167,67,7,35,Y,16,0.1,0.2,0.25,120
168,68,4,20,Y,11,0.1,0.2,0.25,120
169,69,7,35,Y,15,0.1,0.2,0.25,120
170,70,12,60,Y,20,0.1,0.2,0.25,120
171,71,12,60,Y,24,0.1,0.2,0.25,121
172,72,15,75,Y,36,0.1,0.2,0.25,123
173,73,9,45,Y,24,0.1,0.2,0.25,125
174,74,7,35,Y,10,0.1,0.2,0.25,125
175,75,8,40,Y,21,0.1,0.2,0.25,126
176,76,15,75,Y,28,0.1,0.2,0.25,126
177,77,13,65,Y,48,0.1,0.2,0.25,126
178,78,18,90,Y,43,0.1,0.2,0.25,127
179,79,17,85,Y,49,0.1,0.2,0.25,133
180,80,4,20,N,21,0.1,0.2,0.25,134
181,81,7,35,Y,13,0.1,0.2,0.25,134
182,82,7,35,Y,20,0.1,0.2,0.25,134
183,83,9,45,Y,21,0.1,0.2,0.25,134
184,84,10,50,Y,16,0.1,0.2,0.25,134
185,85,14,70,Y,23,0.1,0.2,0.25,134
186,86,4,20,Y,3,0.1,0.2,0.25,134
187,87,13,65,Y,36,0.1,0.2,0.25,139
188,88,9,45,Y,24,0.1,0.2,0.25,140
189,89,14,70,Y,46,0.1,0.2,0.25,143
190,90,5,25,Y,9,0.1,0.2,0.25,143
191,91,11,55,Y,12,0.1,0.2,0.25,143
192,92,6,30,Y,8,0.1,0.2,0.25,143
193,93,7,35,Y,9,0.1,0.2,0.25,143
194,94,13,65,Y,30,0.1,0.2,0.25,144
195,95,13,65,N,66,0.1,0.2,0.25,144
196,96,17,85,Y,28,0.1,0.2,0.25,144
197,97,5,25,Y,25,0.1,0.2,0.25,144
198,97,5,25,N,26,0.1,0.2,0.25,144
199,98,16,80,Y,55,0.1,0.2,0.25,146
200,99,18,90,Y,43,0.1,0.2,0.25,147
201,0,17,85,Y,31,0.1,0.2,0.3,21
202,1,9,45,Y,30,0.1,0.2,0.3,31
203,2,15,75,N,76,0.1,0.2,0.3,42
204,3,16,80,Y,42,0.1,0.2,0.3,50
205,4,11,55,Y,27,0.1,0.2,0.3,51
206,5,9,45,Y,13,0.1,0.2,0.3,52
207,6,9,45,Y,19,0.1,0.2,0.3,55
208,7,4,20,N,21,0.1,0.2,0.3,57
209,8,5,25,Y,13,0.1,0.2,0.3,57
210,9,5,25,Y,13,0.1,0.2,0.3,60
211,10,6,30,Y,9,0.1,0.2,0.3,60
212,11,11,55,Y,24,0.1,0.2,0.3,61
213,12,6,30,Y,10,0.1,0.2,0.3,61
214,13,15,75,Y,48,0.1,0.2,0.3,68
215,14,4,20,Y,10,0.1,0.2,0.3,68
216,15,13,65,Y,29,0.1,0.2,0.3,70
217,16,11,55,Y,32,0.1,0.2,0.3,75
218,17,8,40,Y,22,0.1,0.2,0.3,75
219,18,10,50,Y,21,0.1,0.2,0.3,77
220,19,17,85,Y,10,0.1,0.2,0.3,78
221,20,8,40,N,41,0.1,0.2,0.3,84
222,21,14,70,Y,22,0.1,0.2,0.3,85
223,22,10,50,Y,24,0.1,0.2,0.3,86
224,23,18,90,Y,41,0.1,0.2,0.3,88
225,24,16,80,Y,39,0.1,0.2,0.3,91
226,25,13,65,Y,27,0.1,0.2,0.3,94
227,26,16,80,Y,49,0.1,0.2,0.3,99
228,27,9,45,Y,16,0.1,0.2,0.3,99
229,28,11,55,N,56,0.1,0.2,0.3,108
230,29,7,35,Y,18,0.1,0.2,0.3,109
231,30,10,50,Y,24,0.1,0.2,0.3,112
232,31,6,30,N,31,0.1,0.2,0.3,114
233,32,6,30,Y,6,0.1,0.2,0.3,114
234,33,10,50,Y,24,0.1,0.2,0.3,114
235,34,14,70,Y,24,0.1,0.2,0.3,114
236,35,10,50,Y,23,0.1,0.2,0.3,115
237,36,9,45,Y,16,0.1,0.2,0.3,115
238,37,8,40,Y,18,0.1,0.2,0.3,115
239,38,5,25,Y,9,0.1,0.2,0.3,115
240,39,10,50,Y,36,0.1,0.2,0.3,117
241,40,9,45,N,46,0.1,0.2,0.3,118
242,41,17,85,Y,33,0.1,0.2,0.3,119
243,42,17,85,Y,9,0.1,0.2,0.3,119
244,43,7,35,Y,34,0.1,0.2,0.3,120
245,44,7,35,N,36,0.1,0.2,0.3,122
246,45,16,80,Y,49,0.1,0.2,0.3,123
247,46,5,25,Y,9,0.1,0.2,0.3,123
248,47,11,55,Y,21,0.1,0.2,0.3,123
249,48,12,60,Y,39,0.1,0.2,0.3,126
250,49,9,45,Y,25,0.1,0.2,0.3,127
251,50,10,50,Y,19,0.1,0.2,0.3,128
252,51,5,25,Y,9,0.1,0.2,0.3,128
253,52,6,30,Y,11,0.1,0.2,0.3,129
254,53,4,20,Y,5,0.1,0.2,0.3,129
255,54,13,65,Y,55,0.1,0.2,0.3,130
256,55,6,30,Y,7,0.1,0.2,0.3,130
257,56,6,30,Y,12,0.1,0.2,0.3,130
258,57,7,35,Y,15,0.1,0.2,0.3,131
259,58,7,35,Y,12,0.1,0.2,0.3,131
260,59,13,65,N,66,0.1,0.2,0.3,133
261,60,11,55,Y,30,0.1,0.2,0.3,133
262,61,8,40,Y,23,0.1,0.2,0.3,133
263,62,10,50,Y,22,0.1,0.2,0.3,135
264,63,9,45,Y,24,0.1,0.2,0.3,136
265,64,9,45,Y,25,0.1,0.2,0.3,137
266,65,6,30,Y,15,0.1,0.2,0.3,137
267,66,11,55,Y,17,0.1,0.2,0.3,137
268,67,11,55,Y,38,0.1,0.2,0.3,140
269,68,12,60,Y,35,0.1,0.2,0.3,141
270,69,4,20,N,21,0.1,0.2,0.3,142
271,70,5,25,Y,18,0.1,0.2,0.3,143
272,71,15,75,Y,32,0.1,0.2,0.3,143
273,72,12,60,Y,18,0.1,0.2,0.3,143
274,73,11,55,Y,17,0.1,0.2,0.3,143
275,74,8,40,Y,37,0.1,0.2,0.3,145
276,75,18,90,Y,59,0.1,0.2,0.3,146
277,76,6,30,Y,12,0.1,0.2,0.3,146
278,77,14,70,Y,36,0.1,0.2,0.3,146
279,78,12,60,Y,25,0.1,0.2,0.3,146
280,79,10,50,Y,17,0.1,0.2,0.3,146
281,80,11,55,Y,24,0.1,0.2,0.3,147
282,81,17,85,Y,60,0.1,0.2,0.3,150
283,82,6,30,Y,24,0.1,0.2,0.3,150
284,83,10,50,N,51,0.1,0.2,0.3,153
285,84,7,35,Y,15,0.1,0.2,0.3,153
286,85,14,70,Y,53,0.1,0.2,0.3,155
287,86,9,45,Y,41,0.1,0.2,0.3,155
288,87,12,60,Y,18,0.1,0.2,0.3,155
289,88,6,30,Y,18,0.1,0.2,0.3,155
290,89,14,70,Y,42,0.1,0.2,0.3,155
291,90,9,45,Y,18,0.1,0.2,0.3,155
292,91,12,60,Y,18,0.1,0.2,0.3,155
293,92,10,50,Y,32,0.1,0.2,0.3,155
294,93,8,40,Y,27,0.1,0.2,0.3,158
295,94,19,95,Y,37,0.1,0.2,0.3,158
296,95,12,60,Y,39,0.1,0.2,0.3,159
297,96,10,50,Y,36,0.1,0.2,0.3,161
298,97,11,55,Y,17,0.1,0.2,0.3,161
299,98,4,20,Y,6,0.1,0.2,0.3,162
300,99,10,50,Y,18,0.1,0.2,0.3,162
301,0,10,50,Y,32,0.1,0.2,0.35,14
302,1,8,40,Y,19,0.1,0.2,0.35,19
303,2,11,55,Y,31,0.1,0.2,0.35,20
304,3,5,25,Y,6,0.1,0.2,0.35,20
305,4,6,30,Y,19,0.1,0.2,0.35,25
306,5,14,70,Y,59,0.1,0.2,0.35,29
307,6,11,55,Y,18,0.1,0.2,0.35,30
308,7,8,40,Y,27,0.1,0.2,0.35,32
309,8,5,25,Y,10,0.1,0.2,0.35,34
310,9,9,45,Y,25,0.1,0.2,0.35,35
311,10,15,75,Y,32,0.1,0.2,0.35,37
312,11,4,20,N,21,0.1,0.2,0.35,38
313,12,12,60,Y,21,0.1,0.2,0.35,39
314,13,5,25,Y,12,0.1,0.2,0.35,40
315,14,11,55,Y,21,0.1,0.2,0.35,40
316,15,15,75,Y,34,0.1,0.2,0.35,42
317,16,10,50,Y,18,0.1,0.2,0.35,44
318,17,10,50,Y,21,0.1,0.2,0.35,46
319,18,8,40,Y,18,0.1,0.2,0.35,46
320,19,15,75,Y,36,0.1,0.2,0.35,54
321,20,19,95,Y,51,0.1,0.2,0.35,59
322,21,13,65,Y,27,0.1,0.2,0.35,60
323,22,8,40,Y,12,0.1,0.2,0.35,60
324,23,14,70,Y,37,0.1,0.2,0.35,60
325,24,9,45,Y,30,0.1,0.2,0.35,63
326,25,15,75,Y,33,0.1,0.2,0.35,63
327,26,22,110,Y,15,0.1,0.2,0.35,64
328,27,5,25,Y,5,0.1,0.2,0.35,64
329,28,9,45,Y,40,0.1,0.2,0.35,68
330,29,8,40,Y,19,0.1,0.2,0.35,68
331,30,9,45,Y,33,0.1,0.2,0.35,70
332,31,8,40,Y,22,0.1,0.2,0.35,74
333,32,9,45,Y,16,0.1,0.2,0.35,77
334,33,5,25,Y,7,0.1,0.2,0.35,77
335,34,5,25,Y,11,0.1,0.2,0.35,79
336,35,4,20,N,21,0.1,0.2,0.35,82
337,36,11,55,Y,22,0.1,0.2,0.35,87
338,37,14,70,Y,53,0.1,0.2,0.35,90
339,38,5,25,Y,13,0.1,0.2,0.35,92
340,39,5,25,Y,8,0.1,0.2,0.35,93
341,40,10,50,N,51,0.1,0.2,0.35,98
342,41,7,35,Y,22,0.1,0.2,0.35,100
343,42,5,25,Y,16,0.1,0.2,0.35,101
344,43,17,85,Y,83,0.1,0.2,0.35,105
345,44,12,60,Y,30,0.1,0.2,0.35,106
346,45,9,45,Y,19,0.1,0.2,0.35,106
347,46,4,20,Y,13,0.1,0.2,0.35,108
348,47,16,80,Y,40,0.1,0.2,0.35,109
349,48,8,40,Y,25,0.1,0.2,0.35,109
350,49,6,30,Y,9,0.1,0.2,0.35,109
351,50,7,35,Y,10,0.1,0.2,0.35,109
352,51,11,55,Y,33,0.1,0.2,0.35,110
353,52,4,20,Y,9,0.1,0.2,0.35,110
354,53,8,40,Y,15,0.1,0.2,0.35,111
355,54,6,30,Y,13,0.1,0.2,0.35,112
356,55,16,80,Y,28,0.1,0.2,0.35,114
357,56,11,55,Y,13,0.1,0.2,0.35,114
358,57,6,30,Y,15,0.1,0.2,0.35,114
359,58,15,75,Y,39,0.1,0.2,0.35,114
360,59,6,30,Y,10,0.1,0.2,0.35,114
361,60,9,45,Y,13,0.1,0.2,0.35,114
362,61,20,100,Y,54,0.1,0.2,0.35,118
363,62,6,30,Y,7,0.1,0.2,0.35,118
364,63,8,40,Y,13,0.1,0.2,0.35,118
365,64,8,40,Y,11,0.1,0.2,0.35,118
366,65,5,25,Y,15,0.1,0.2,0.35,120
367,66,7,35,Y,34,0.1,0.2,0.35,123
368,67,7,35,Y,21,0.1,0.2,0.35,125
369,68,10,50,Y,21,0.1,0.2,0.35,125
370,69,11,55,Y,29,0.1,0.2,0.35,127
371,70,8,40,Y,10,0.1,0.2,0.35,127
372,71,11,55,Y,19,0.1,0.2,0.35,127
373,72,14,70,Y,15,0.1,0.2,0.35,128
374,73,10,50,Y,18,0.1,0.2,0.35,128
375,74,7,35,Y,15,0.1,0.2,0.35,129
376,75,15,75,Y,33,0.1,0.2,0.35,129
377,76,14,70,Y,24,0.1,0.2,0.35,129
378,77,9,45,Y,36,0.1,0.2,0.35,130
379,78,6,30,Y,10,0.1,0.2,0.35,131
380,79,6,30,Y,15,0.1,0.2,0.35,132
381,80,6,30,Y,21,0.1,0.2,0.35,133
382,81,6,30,Y,18,0.1,0.2,0.35,135
383,82,5,25,Y,12,0.1,0.2,0.35,135
384,83,6,30,Y,19,0.1,0.2,0.35,138
385,84,7,35,N,36,0.1,0.2,0.35,138
386,85,16,80,Y,57,0.1,0.2,0.35,140
387,86,8,40,Y,15,0.1,0.2,0.35,140
388,87,5,25,Y,10,0.1,0.2,0.35,140
389,88,16,80,Y,36,0.1,0.2,0.35,140
390,89,12,60,Y,21,0.1,0.2,0.35,140
391,90,19,95,Y,49,0.1,0.2,0.35,140
392,91,20,100,Y,39,0.1,0.2,0.35,140
393,92,7,35,Y,9,0.1,0.2,0.35,140
394,93,9,45,Y,28,0.1,0.2,0.35,142
395,94,7,35,Y,15,0.1,0.2,0.35,144
396,95,4,20,Y,3,0.1,0.2,0.35,144
397,96,7,35,Y,8,0.1,0.2,0.35,144
398,97,5,25,N,26,0.1,0.2,0.35,144
399,98,8,40,Y,15,0.1,0.2,0.35,144
400,99,6,30,Y,12,0.1,0.2,0.35,144
401,0,8,40,N,41,0.1,0.2,0.4,16
402,1,6,30,Y,12,0.1,0.2,0.4,17
403,2,5,25,N,26,0.1,0.2,0.4,21
404,3,18,90,Y,75,0.1,0.2,0.4,26
405,4,15,75,Y,63,0.1,0.2,0.4,34
406,5,9,45,N,46,0.1,0.2,0.4,40
407,6,19,95,Y,66,0.1,0.2,0.4,41
408,7,13,65,Y,25,0.1,0.2,0.4,43
409,8,7,35,Y,12,0.1,0.2,0.4,43
410,9,8,40,Y,35,0.1,0.2,0.4,43
411,10,8,40,Y,20,0.1,0.2,0.4,46
412,11,12,60,Y,36,0.1,0.2,0.4,48
413,12,10,50,Y,15,0.1,0.2,0.4,48
414,13,5,25,Y,13,0.1,0.2,0.4,49
415,14,6,30,Y,12,0.1,0.2,0.4,49
416,15,12,60,Y,21,0.1,0.2,0.4,50
417,16,16,80,Y,26,0.1,0.2,0.4,52
418,17,11,55,Y,22,0.1,0.2,0.4,53
419,18,8,40,Y,21,0.1,0.2,0.4,56
420,19,12,60,Y,30,0.1,0.2,0.4,66
421,20,4,20,Y,8,0.1,0.2,0.4,66
422,21,9,45,Y,24,0.1,0.2,0.4,69
423,22,8,40,Y,16,0.1,0.2,0.4,69
424,23,13,65,Y,30,0.1,0.2,0.4,69
425,24,7,35,Y,10,0.1,0.2,0.4,69
426,25,17,85,Y,37,0.1,0.2,0.4,71
427,26,6,30,Y,18,0.1,0.2,0.4,75
428,27,8,40,Y,15,0.1,0.2,0.4,77
429,28,11,55,Y,27,0.1,0.2,0.4,78
430,29,15,75,Y,42,0.1,0.2,0.4,79
431,30,9,45,Y,26,0.1,0.2,0.4,79
432,31,12,60,Y,44,0.1,0.2,0.4,81
433,32,6,30,Y,10,0.1,0.2,0.4,82
434,33,9,45,Y,18,0.1,0.2,0.4,83
435,34,8,40,Y,11,0.1,0.2,0.4,84
436,35,9,45,Y,21,0.1,0.2,0.4,84
437,36,4,20,Y,6,0.1,0.2,0.4,84
438,37,4,20,Y,12,0.1,0.2,0.4,85
439,38,4,20,Y,8,0.1,0.2,0.4,86
440,39,11,55,Y,22,0.1,0.2,0.4,86
441,40,4,20,Y,12,0.1,0.2,0.4,87
442,41,13,65,Y,45,0.1,0.2,0.4,91
443,42,10,50,Y,18,0.1,0.2,0.4,91
444,43,15,75,Y,28,0.1,0.2,0.4,92
445,44,15,75,Y,27,0.1,0.2,0.4,92
446,45,18,90,Y,40,0.1,0.2,0.4,92
447,46,4,20,Y,14,0.1,0.2,0.4,92
448,47,5,25,Y,9,0.1,0.2,0.4,93
449,48,9,45,Y,18,0.1,0.2,0.4,93
450,49,11,55,N,56,0.1,0.2,0.4,98
451,50,11,55,Y,25,0.1,0.2,0.4,98
452,51,8,40,Y,25,0.1,0.2,0.4,101
453,52,7,35,Y,13,0.1,0.2,0.4,101
454,53,6,30,Y,15,0.1,0.2,0.4,101
455,54,9,45,Y,22,0.1,0.2,0.4,103
456,55,14,70,Y,25,0.1,0.2,0.4,104
457,56,11,55,Y,21,0.1,0.2,0.4,106
458,57,7,35,Y,12,0.1,0.2,0.4,109
459,58,4,20,Y,14,0.1,0.2,0.4,110
460,59,13,65,Y,48,0.1,0.2,0.4,111
461,60,8,40,Y,17,0.1,0.2,0.4,111
462,61,9,45,Y,13,0.1,0.2,0.4,111
463,62,8,40,Y,29,0.1,0.2,0.4,112
464,63,4,20,Y,6,0.1,0.2,0.4,112
465,64,7,35,Y,7,0.1,0.2,0.4,112
466,65,13,65,Y,33,0.1,0.2,0.4,112
467,66,14,70,Y,55,0.1,0.2,0.4,113
468,67,7,35,Y,7,0.1,0.2,0.4,114
469,68,15,75,Y,53,0.1,0.2,0.4,116
470,69,5,25,N,26,0.1,0.2,0.4,118
471,70,4,20,Y,10,0.1,0.2,0.4,118
472,71,13,65,Y,45,0.1,0.2,0.4,119
473,72,8,40,Y,14,0.1,0.2,0.4,119
474,73,11,55,Y,41,0.1,0.2,0.4,120
475,74,7,35,Y,13,0.1,0.2,0.4,120
476,75,15,75,N,76,0.1,0.2,0.4,124
477,76,9,45,Y,32,0.1,0.2,0.4,127
478,77,8,40,Y,39,0.1,0.2,0.4,128
479,78,11,55,Y,29,0.1,0.2,0.4,129
480,79,13,65,Y,31,0.1,0.2,0.4,131
481,80,4,20,Y,12,0.1,0.2,0.4,131
482,81,14,70,Y,31,0.1,0.2,0.4,132
483,82,15,75,Y,48,0.1,0.2,0.4,133
484,83,6,30,Y,21,0.1,0.2,0.4,135
485,84,7,35,Y,19,0.1,0.2,0.4,135
486,85,13,65,Y,28,0.1,0.2,0.4,135
487,86,13,65,Y,24,0.1,0.2,0.4,136
488,87,9,45,Y,15,0.1,0.2,0.4,136
489,88,5,25,Y,8,0.1,0.2,0.4,136
490,89,13,65,Y,24,0.1,0.2,0.4,136
491,90,21,105,Y,93,0.1,0.2,0.4,139
492,91,4,20,Y,6,0.1,0.2,0.4,139
493,92,7,35,Y,15,0.1,0.2,0.4,140
494,93,11,55,Y,16,0.1,0.2,0.4,140
495,94,8,40,Y,18,0.1,0.2,0.4,142
496,95,11,55,Y,28,0.1,0.2,0.4,142
497,96,4,20,Y,3,0.1,0.2,0.4,142
498,97,6,30,Y,8,0.1,0.2,0.4,142
499,98,4,20,Y,9,0.1,0.2,0.4,142
500,99,8,40,Y,21,0.1,0.2,0.4,142
501,0,15,75,Y,39,0.1,0.25,0.2,16
502,1,5,25,Y,19,0.1,0.25,0.2,24
503,2,12,60,Y,21,0.1,0.25,0.2,25
504,3,19,95,Y,51,0.1,0.25,0.2,34
505,4,15,75,Y,32,0.1,0.25,0.2,41
506,5,13,65,Y,27,0.1,0.25,0.2,44
507,6,14,70,Y,36,0.1,0.25,0.2,47
508,7,8,40,Y,29,0.1,0.25,0.2,51
509,8,8,40,Y,18,0.1,0.25,0.2,54
510,9,15,75,Y,37,0.1,0.25,0.2,57
511,10,6,30,Y,13,0.1,0.25,0.2,57
512,11,10,50,Y,26,0.1,0.25,0.2,57
513,12,8,40,Y,19,0.1,0.25,0.2,58
514,13,9,45,Y,21,0.1,0.25,0.2,60
515,14,15,75,Y,42,0.1,0.25,0.2,62
516,15,9,45,Y,36,0.1,0.25,0.2,67
517,16,8,40,Y,18,0.1,0.25,0.2,67
518,17,11,55,Y,35,0.1,0.25,0.2,68
519,18,8,40,Y,11,0.1,0.25,0.2,68
520,19,5,25,Y,10,0.1,0.25,0.2,68
521,20,5,25,Y,13,0.1,0.25,0.2,72
522,21,14,70,Y,43,0.1,0.25,0.2,74
523,22,7,35,N,36,0.1,0.25,0.2,77
524,23,4,20,Y,14,0.1,0.25,0.2,78
525,24,18,90,Y,36,0.1,0.25,0.2,80
526,25,6,30,Y,5,0.1,0.25,0.2,80
527,26,12,60,Y,49,0.1,0.25,0.2,80
528,27,18,90,Y,42,0.1,0.25,0.2,84
529,28,6,30,Y,15,0.1,0.25,0.2,85
530,29,8,40,Y,15,0.1,0.25,0.2,86
531,30,4,20,Y,6,0.1,0.25,0.2,86
532,31,5,25,Y,21,0.1,0.25,0.2,94
533,32,14,70,Y,27,0.1,0.25,0.2,94
534,33,12,60,Y,18,0.1,0.25,0.2,95
535,34,15,75,Y,45,0.1,0.25,0.2,98
536,35,10,50,Y,28,0.1,0.25,0.2,98
537,36,15,75,Y,31,0.1,0.25,0.2,102
538,37,6,30,Y,13,0.1,0.25,0.2,102
539,38,14,70,Y,25,0.1,0.25,0.2,102
540,39,16,80,Y,30,0.1,0.25,0.2,104
541,40,8,40,Y,15,0.1,0.25,0.2,106
542,41,14,70,Y,38,0.1,0.25,0.2,108
543,42,4,20,Y,9,0.1,0.25,0.2,109
544,43,9,45,Y,24,0.1,0.25,0.2,110
545,44,11,55,Y,30,0.1,0.25,0.2,110
546,45,4,20,Y,8,0.1,0.25,0.2,112
547,46,5,25,Y,10,0.1,0.25,0.2,112
548,47,14,70,Y,38,0.1,0.25,0.2,116
549,48,14,70,Y,61,0.1,0.25,0.2,116
550,49,8,40,Y,12,0.1,0.25,0.2,116
551,50,8,40,Y,17,0.1,0.25,0.2,116
552,51,5,25,Y,7,0.1,0.25,0.2,118
553,52,16,80,Y,34,0.1,0.25,0.2,119
554,53,13,65,Y,27,0.1,0.25,0.2,119
555,54,10,50,Y,19,0.1,0.25,0.2,120
556,55,6,30,Y,9,0.1,0.25,0.2,120
557,56,9,45,Y,17,0.1,0.25,0.2,121
558,57,19,95,Y,38,0.1,0.25,0.2,121
559,58,12,60,Y,33,0.1,0.25,0.2,122
560,59,10,50,Y,31,0.1,0.25,0.2,123
561,60,7,35,Y,10,0.1,0.25,0.2,123
562,61,7,35,Y,12,0.1,0.25,0.2,123
563,62,8,40,Y,13,0.1,0.25,0.2,124
564,63,10,50,Y,39,0.1,0.25,0.2,126
565,64,12,60,Y,18,0.1,0.25,0.2,126
566,65,10,50,Y,27,0.1,0.25,0.2,126
567,66,9,45,Y,19,0.1,0.25,0.2,126
568,67,5,25,Y,7,0.1,0.25,0.2,126
569,68,12,60,Y,21,0.1,0.25,0.2,126
570,69,11,55,Y,28,0.1,0.25,0.2,126
571,70,7,35,Y,20,0.1,0.25,0.2,126
572,71,14,70,Y,40,0.1,0.25,0.2,128
573,72,6,30,Y,12,0.1,0.25,0.2,128
574,73,9,45,Y,24,0.1,0.25,0.2,128
575,74,15,75,Y,35,0.1,0.25,0.2,128
576,75,5,25,N,26,0.1,0.25,0.2,131
577,76,11,55,Y,21,0.1,0.25,0.2,131
578,77,9,45,Y,15,0.1,0.25,0.2,131
579,78,8,40,Y,19,0.1,0.25,0.2,131
580,79,10,50,Y,18,0.1,0.25,0.2,131
581,80,6,30,Y,12,0.1,0.25,0.2,131
582,81,11,55,Y,32,0.1,0.25,0.2,131
583,82,6,30,N,31,0.1,0.25,0.2,131
584,83,8,40,Y,30,0.1,0.25,0.2,133
585,84,19,95,Y,30,0.1,0.25,0.2,133
586,85,11,55,Y,39,0.1,0.25,0.2,135
587,86,8,40,Y,12,0.1,0.25,0.2,135
588,87,9,45,Y,16,0.1,0.25,0.2,135
589,88,9,45,Y,21,0.1,0.25,0.2,135
590,89,5,25,Y,9,0.1,0.25,0.2,135
591,90,4,20,Y,5,0.1,0.25,0.2,135
592,91,12,60,Y,27,0.1,0.25,0.2,135
593,92,11,55,Y,21,0.1,0.25,0.2,136
594,93,10,50,Y,17,0.1,0.25,0.2,136
595,94,14,70,Y,37,0.1,0.25,0.2,136
596,95,10,50,Y,22,0.1,0.25,0.2,136
597,96,11,55,Y,27,0.1,0.25,0.2,136
598,97,6,30,Y,12,0.1,0.25,0.2,136
599,98,8,40,Y,24,0.1,0.25,0.2,136
600,99,8,40,Y,15,0.1,0.25,0.2,136
601,0,9,45,Y,42,0.1,0.25,0.25,27
602,1,8,40,Y,29,0.1,0.25,0.25,37
603,2,8,40,Y,19,0.1,0.25,0.25,39
604,3,4,20,Y,5,0.1,0.25,0.25,39
605,4,9,45,Y,19,0.1,0.25,0.25,40
606,5,5,25,N,26,0.1,0.25,0.25,44
607,6,16,80,Y,54,0.1,0.25,0.25,47
608,7,9,45,Y,24,0.1,0.25,0.25,48
609,8,20,100,Y,96,0.1,0.25,0.25,57
610,9,4,20,Y,16,0.1,0.25,0.25,58
611,10,9,45,Y,19,0.1,0.25,0.25,59
612,11,13,65,Y,37,0.1,0.25,0.25,61
613,12,6,30,Y,15,0.1,0.25,0.25,62
614,13,4,20,Y,6,0.1,0.25,0.25,62
615,14,13,65,Y,25,0.1,0.25,0.25,63
616,15,15,75,Y,51,0.1,0.25,0.25,64
617,16,4,20,Y,12,0.1,0.25,0.25,64
618,17,12,60,Y,36,0.1,0.25,0.25,66
619,18,8,40,Y,19,0.1,0.25,0.25,66
620,19,7,35,Y,12,0.1,0.25,0.25,67
621,20,7,35,Y,14,0.1,0.25,0.25,68
622,21,8,40,Y,12,0.1,0.25,0.25,69
623,22,9,45,Y,15,0.1,0.25,0.25,70
624,23,14,70,Y,32,0.1,0.25,0.25,72
625,24,6,30,Y,12,0.1,0.25,0.25,72
626,25,5,25,Y,10,0.1,0.25,0.25,73
627,26,14,70,Y,53,0.1,0.25,0.25,74
628,27,17,85,Y,37,0.1,0.25,0.25,74
629,28,9,45,Y,27,0.1,0.25,0.25,74
630,29,7,35,N,36,0.1,0.25,0.25,75
631,30,10,50,Y,31,0.1,0.25,0.25,76
632,31,16,80,Y,40,0.1,0.25,0.25,76
633,32,15,75,Y,51,0.1,0.25,0.25,84
634,33,9,45,Y,12,0.1,0.25,0.25,85
635,34,4,20,N,21,0.1,0.25,0.25,85
636,35,12,60,Y,22,0.1,0.25,0.25,86
637,36,11,55,Y,52,0.1,0.25,0.25,87
638,37,7,35,Y,24,0.1,0.25,0.25,89
639,38,4,20,Y,9,0.1,0.25,0.25,89
640,39,13,65,Y,16,0.1,0.25,0.25,89
641,40,15,75,Y,26,0.1,0.25,0.25,90
642,41,5,25,Y,25,0.1,0.25,0.25,90
643,41,5,25,N,26,0.1,0.25,0.25,90
644,42,5,25,Y,9,0.1,0.25,0.25,93
645,43,4,20,Y,14,0.1,0.25,0.25,95
646,44,14,70,Y,29,0.1,0.25,0.25,97
647,45,10,50,Y,17,0.1,0.25,0.25,98
648,46,14,70,Y,27,0.1,0.25,0.25,98
649,47,9,45,Y,16,0.1,0.25,0.25,99
650,48,15,75,Y,39,0.1,0.25,0.25,99
651,49,19,95,Y,93,0.1,0.25,0.25,101
652,50,8,40,Y,15,0.1,0.25,0.25,101
653,51,7,35,Y,13,0.1,0.25,0.25,101
654,52,17,85,Y,41,0.1,0.25,0.25,101
655,53,16,80,Y,25,0.1,0.25,0.25,101
656,54,4,20,Y,15,0.1,0.25,0.25,101
657,55,7,35,Y,19,0.1,0.25,0.25,102
658,56,14,70,Y,26,0.1,0.25,0.25,102
659,57,14,70,Y,33,0.1,0.25,0.25,103
660,58,5,25,Y,15,0.1,0.25,0.25,103
661,59,13,65,Y,27,0.1,0.25,0.25,104
662,60,5,25,Y,6,0.1,0.25,0.25,104
663,61,9,45,Y,15,0.1,0.25,0.25,104
664,62,9,45,Y,27,0.1,0.25,0.25,105
665,63,13,65,Y,42,0.1,0.25,0.25,107
666,64,15,75,Y,33,0.1,0.25,0.25,108
667,65,5,25,Y,10,0.1,0.25,0.25,108
668,66,9,45,Y,15,0.1,0.25,0.25,108
669,67,9,45,Y,15,0.1,0.25,0.25,108
670,68,15,75,Y,54,0.1,0.25,0.25,110
671,69,12,60,Y,36,0.1,0.25,0.25,110
672,70,5,25,Y,6,0.1,0.25,0.25,111
673,71,9,45,Y,21,0.1,0.25,0.25,111
674,72,4,20,Y,9,0.1,0.25,0.25,112
675,73,4,20,Y,7,0.1,0.25,0.25,112
676,74,11,55,Y,27,0.1,0.25,0.25,112
677,75,11,55,Y,28,0.1,0.25,0.25,113
678,76,9,45,Y,15,0.1,0.25,0.25,114
679,77,7,35,Y,9,0.1,0.25,0.25,115
680,78,14,70,Y,26,0.1,0.25,0.25,116
681,79,12,60,Y,24,0.1,0.25,0.25,119
682,80,7,35,Y,18,0.1,0.25,0.25,122
683,81,14,70,Y,42,0.1,0.25,0.25,122
684,82,10,50,Y,21,0.1,0.25,0.25,123
685,83,4,20,Y,18,0.1,0.25,0.25,123
686,84,17,85,Y,25,0.1,0.25,0.25,124
687,85,10,50,Y,48,0.1,0.25,0.25,125
688,86,9,45,Y,21,0.1,0.25,0.25,126
689,87,11,55,Y,15,0.1,0.25,0.25,126
690,88,6,30,Y,17,0.1,0.25,0.25,126
691,89,6,30,Y,9,0.1,0.25,0.25,127
692,90,6,30,Y,18,0.1,0.25,0.25,128
693,91,5,25,Y,7,0.1,0.25,0.25,128
694,92,14,70,Y,49,0.1,0.25,0.25,129
695,93,9,45,N,46,0.1,0.25,0.25,129
696,94,7,35,Y,15,0.1,0.25,0.25,130
697,95,9,45,Y,22,0.1,0.25,0.25,132
698,96,13,65,Y,27,0.1,0.25,0.25,137
699,97,4,20,Y,7,0.1,0.25,0.25,137
700,98,11,55,Y,16,0.1,0.25,0.25,137
701,99,6,30,Y,27,0.1,0.25,0.25,138
702,0,7,35,N,36,0.1,0.25,0.3,18
703,1,9,45,Y,21,0.1,0.25,0.3,24
704,2,5,25,Y,7,0.1,0.25,0.3,24
705,3,8,40,Y,27,0.1,0.25,0.3,29
706,4,4,20,Y,8,0.1,0.25,0.3,29
707,5,4,20,Y,6,0.1,0.25,0.3,29
708,6,4,20,Y,10,0.1,0.25,0.3,30
709,7,8,40,Y,35,0.1,0.25,0.3,35
710,8,14,70,Y,40,0.1,0.25,0.3,41
711,9,11,55,Y,19,0.1,0.25,0.3,43
712,10,10,50,Y,30,0.1,0.25,0.3,47
713,11,13,65,Y,19,0.1,0.25,0.3,47
714,12,8,40,Y,27,0.1,0.25,0.3,49
715,13,14,70,Y,40,0.1,0.25,0.3,51
716,14,9,45,Y,15,0.1,0.25,0.3,52
717,15,5,25,Y,22,0.1,0.25,0.3,52
718,16,4,20,N,21,0.1,0.25,0.3,55
719,17,7,35,Y,26,0.1,0.25,0.3,57
720,18,7,35,Y,10,0.1,0.25,0.3,57
721,19,12,60,Y,25,0.1,0.25,0.3,59
722,20,11,55,Y,37,0.1,0.25,0.3,61
723,21,15,75,Y,42,0.1,0.25,0.3,62
724,22,8,40,N,41,0.1,0.25,0.3,70
725,23,7,35,Y,19,0.1,0.25,0.3,72
726,24,10,50,Y,16,0.1,0.25,0.3,75
727,25,14,70,Y,26,0.1,0.25,0.3,78
728,26,12,60,Y,38,0.1,0.25,0.3,83
729,27,11,55,Y,19,0.1,0.25,0.3,83
730,28,10,50,Y,43,0.1,0.25,0.3,85
731,29,6,30,Y,22,0.1,0.25,0.3,85
732,30,9,45,Y,18,0.1,0.25,0.3,86
733,31,7,35,Y,15,0.1,0.25,0.3,86
734,32,6,30,Y,12,0.1,0.25,0.3,86
735,33,18,90,Y,36,0.1,0.25,0.3,90
736,34,6,30,Y,7,0.1,0.25,0.3,90
737,35,9,45,Y,18,0.1,0.25,0.3,90
738,36,12,60,Y,33,0.1,0.25,0.3,92
739,37,8,40,Y,15,0.1,0.25,0.3,92
740,38,10,50,Y,13,0.1,0.25,0.3,92
741,39,10,50,Y,27,0.1,0.25,0.3,95
742,40,14,70,Y,40,0.1,0.25,0.3,97
743,41,5,25,Y,6,0.1,0.25,0.3,97
744,42,7,35,Y,11,0.1,0.25,0.3,99
745,43,5,25,Y,7,0.1,0.25,0.3,100
746,44,5,25,Y,7,0.1,0.25,0.3,100
747,45,5,25,Y,9,0.1,0.25,0.3,101
748,46,6,30,Y,12,0.1,0.25,0.3,102
749,47,5,25,Y,18,0.1,0.25,0.3,104
750,48,4,20,Y,9,0.1,0.25,0.3,105
751,49,5,25,Y,14,0.1,0.25,0.3,105
752,50,13,65,Y,33,0.1,0.25,0.3,109
753,51,8,40,Y,18,0.1,0.25,0.3,110
754,52,4,20,Y,7,0.1,0.25,0.3,111
755,53,7,35,Y,12,0.1,0.25,0.3,112
756,54,9,45,Y,22,0.1,0.25,0.3,112
757,55,7,35,Y,12,0.1,0.25,0.3,112
758,56,10,50,Y,18,0.1,0.25,0.3,113
759,57,8,40,Y,10,0.1,0.25,0.3,114
760,58,13,65,Y,26,0.1,0.25,0.3,114
761,59,7,35,Y,12,0.1,0.25,0.3,114
762,60,15,75,Y,50,0.1,0.25,0.3,114
763,61,18,90,Y,39,0.1,0.25,0.3,114
764,62,12,60,Y,24,0.1,0.25,0.3,114
765,63,4,20,Y,18,0.1,0.25,0.3,114
766,64,6,30,Y,10,0.1,0.25,0.3,114
767,65,4,20,N,21,0.1,0.25,0.3,115
768,66,15,75,Y,25,0.1,0.25,0.3,116
769,67,6,30,Y,14,0.1,0.25,0.3,117
770,68,5,25,Y,12,0.1,0.25,0.3,117
771,69,8,40,N,41,0.1,0.25,0.3,118
772,70,10,50,Y,28,0.1,0.25,0.3,119
773,71,8,40,Y,23,0.1,0.25,0.3,119
774,72,17,85,Y,8,0.1,0.25,0.3,119
775,73,12,60,Y,45,0.1,0.25,0.3,121
776,74,8,40,Y,21,0.1,0.25,0.3,121
777,75,5,25,Y,4,0.1,0.25,0.3,121
778,76,18,90,Y,45,0.1,0.25,0.3,121
779,77,14,70,Y,36,0.1,0.25,0.3,122
780,78,6,30,Y,11,0.1,0.25,0.3,122
781,79,6,30,Y,27,0.1,0.25,0.3,124
782,80,4,20,Y,9,0.1,0.25,0.3,124
783,81,6,30,Y,12,0.1,0.25,0.3,124
784,82,13,65,Y,21,0.1,0.25,0.3,124
785,83,11,55,Y,36,0.1,0.25,0.3,129
786,84,7,35,Y,15,0.1,0.25,0.3,130
787,85,13,65,Y,28,0.1,0.25,0.3,132
788,86,6,30,Y,21,0.1,0.25,0.3,133
789,87,6,30,Y,13,0.1,0.25,0.3,133
790,88,6,30,Y,10,0.1,0.25,0.3,133
791,89,7,35,Y,19,0.1,0.25,0.3,133
792,90,6,30,Y,12,0.1,0.25,0.3,133
793,91,6,30,Y,19,0.1,0.25,0.3,135
794,92,19,95,Y,40,0.1,0.25,0.3,136
795,93,10,50,Y,16,0.1,0.25,0.3,136
796,94,8,40,Y,10,0.1,0.25,0.3,136
797,95,10,50,Y,34,0.1,0.25,0.3,136
798,96,11,55,Y,18,0.1,0.25,0.3,136
799,97,8,40,Y,16,0.1,0.25,0.3,136
800,98,6,30,Y,10,0.1,0.25,0.3,136
801,99,7,35,Y,12,0.1,0.25,0.3,136
802,0,10,50,Y,46,0.1,0.25,0.35,18
803,1,7,35,Y,32,0.1,0.25,0.35,31
804,2,4,20,N,21,0.1,0.25,0.35,35
805,3,16,80,Y,12,0.1,0.25,0.35,35
806,4,11,55,Y,30,0.1,0.25,0.35,37
807,5,9,45,Y,19,0.1,0.25,0.35,40
808,6,11,55,Y,27,0.1,0.25,0.35,44
809,7,5,25,Y,16,0.1,0.25,0.35,45
810,8,7,35,Y,22,0.1,0.25,0.35,48
811,9,12,60,Y,19,0.1,0.25,0.35,48
812,10,5,25,Y,13,0.1,0.25,0.35,49
813,11,8,40,Y,12,0.1,0.25,0.35,49
814,12,18,90,Y,36,0.1,0.25,0.35,50
815,13,7,35,Y,18,0.1,0.25,0.35,51
816,14,9,45,Y,22,0.1,0.25,0.35,51
817,15,5,25,Y,21,0.1,0.25,0.35,53
818,16,6,30,Y,18,0.1,0.25,0.35,57
819,17,5,25,N,26,0.1,0.25,0.35,59
820,18,9,45,Y,30,0.1,0.25,0.35,63
821,19,15,75,Y,30,0.1,0.25,0.35,64
822,20,10,50,Y,30,0.1,0.25,0.35,69
823,21,15,75,Y,30,0.1,0.25,0.35,70
824,22,11,55,Y,31,0.1,0.25,0.35,71
825,23,4,20,Y,19,0.1,0.25,0.35,74
826,24,8,40,Y,12,0.1,0.25,0.35,74
827,25,11,55,Y,23,0.1,0.25,0.35,74
828,26,4,20,Y,9,0.1,0.25,0.35,74
829,27,15,75,Y,34,0.1,0.25,0.35,76
830,28,11,55,Y,48,0.1,0.25,0.35,80
831,29,7,35,Y,18,0.1,0.25,0.35,81
832,30,9,45,Y,21,0.1,0.25,0.35,83
833,31,14,70,Y,28,0.1,0.25,0.35,83
834,32,7,35,Y,13,0.1,0.25,0.35,83
835,33,10,50,Y,17,0.1,0.25,0.35,83
836,34,8,40,Y,15,0.1,0.25,0.35,83
837,35,4,20,Y,6,0.1,0.25,0.35,83
838,36,5,25,Y,18,0.1,0.25,0.35,85
839,37,7,35,Y,14,0.1,0.25,0.35,85
840,38,9,45,Y,16,0.1,0.25,0.35,86
841,39,10,50,Y,21,0.1,0.25,0.35,88
842,40,17,85,Y,36,0.1,0.25,0.35,90
843,41,11,55,Y,33,0.1,0.25,0.35,90
844,42,10,50,Y,18,0.1,0.25,0.35,90
845,43,9,45,Y,12,0.1,0.25,0.35,91
846,44,9,45,Y,24,0.1,0.25,0.35,94
847,45,4,20,Y,6,0.1,0.25,0.35,94
848,46,5,25,Y,20,0.1,0.25,0.35,97
849,47,10,50,Y,39,0.1,0.25,0.35,99
850,48,4,20,Y,4,0.1,0.25,0.35,99
851,49,4,20,Y,9,0.1,0.25,0.35,99
852,50,7,35,Y,9,0.1,0.25,0.35,99
853,51,9,45,Y,15,0.1,0.25,0.35,99
854,52,15,75,Y,37,0.1,0.25,0.35,101
855,53,7,35,Y,13,0.1,0.25,0.35,104
856,54,4,20,Y,9,0.1,0.25,0.35,105
857,55,5,25,Y,7,0.1,0.25,0.35,105
858,56,4,20,Y,6,0.1,0.25,0.35,105
859,57,10,50,Y,13,0.1,0.25,0.35,106
860,58,17,85,Y,46,0.1,0.25,0.35,112
861,59,18,90,Y,21,0.1,0.25,0.35,112
862,60,12,60,Y,35,0.1,0.25,0.35,113
863,61,8,40,Y,12,0.1,0.25,0.35,113
864,62,9,45,Y,30,0.1,0.25,0.35,113
865,63,9,45,Y,17,0.1,0.25,0.35,113
866,64,10,50,Y,16,0.1,0.25,0.35,113
867,65,12,60,Y,28,0.1,0.25,0.35,113
868,66,7,35,Y,13,0.1,0.25,0.35,113
869,67,15,75,Y,44,0.1,0.25,0.35,115
870,68,13,65,Y,38,0.1,0.25,0.35,117
871,69,5,25,Y,9,0.1,0.25,0.35,117
872,70,11,55,Y,20,0.1,0.25,0.35,119
873,71,7,35,Y,24,0.1,0.25,0.35,119
874,72,6,30,Y,14,0.1,0.25,0.35,119
875,73,14,70,Y,45,0.1,0.25,0.35,122
876,74,17,85,Y,35,0.1,0.25,0.35,123
877,75,6,30,Y,27,0.1,0.25,0.35,126
878,76,10,50,N,51,0.1,0.25,0.35,128
879,77,9,45,Y,13,0.1,0.25,0.35,129
880,78,9,45,Y,15,0.1,0.25,0.35,130
881,79,15,75,Y,30,0.1,0.25,0.35,130
882,80,15,75,Y,48,0.1,0.25,0.35,132
883,81,10,50,Y,24,0.1,0.25,0.35,132
884,82,6,30,Y,6,0.1,0.25,0.35,133
885,83,6,30,Y,12,0.1,0.25,0.35,133
886,84,5,25,Y,13,0.1,0.25,0.35,133
887,85,9,45,Y,18,0.1,0.25,0.35,135
888,86,11,55,Y,21,0.1,0.25,0.35,137
889,87,13,65,Y,30,0.1,0.25,0.35,137
890,88,19,95,Y,55,0.1,0.25,0.35,137
891,89,15,75,Y,43,0.1,0.25,0.35,139
892,90,11,55,Y,21,0.1,0.25,0.35,139
893,91,5,25,Y,4,0.1,0.25,0.35,139
894,92,8,40,Y,30,0.1,0.25,0.35,140
895,93,5,25,Y,10,0.1,0.25,0.35,140
896,94,6,30,N,31,0.1,0.25,0.35,142
897,95,8,40,Y,19,0.1,0.25,0.35,142
898,96,6,30,Y,12,0.1,0.25,0.35,142
899,97,9,45,Y,11,0.1,0.25,0.35,142
900,98,16,80,Y,27,0.1,0.25,0.35,142
901,99,17,85,Y,33,0.1,0.25,0.35,143
902,0,10,50,Y,33,0.1,0.25,0.4,18
903,1,9,45,N,46,0.1,0.25,0.4,27
904,2,4,20,Y,12,0.1,0.25,0.4,29
905,3,19,95,Y,45,0.1,0.25,0.4,34
906,4,6,30,Y,8,0.1,0.25,0.4,34
907,5,9,45,Y,16,0.1,0.25,0.4,36
908,6,9,45,Y,11,0.1,0.25,0.4,36
909,7,7,35,Y,17,0.1,0.25,0.4,40
910,8,11,55,Y,21,0.1,0.25,0.4,40
911,9,11,55,Y,48,0.1,0.25,0.4,45
912,10,16,80,Y,47,0.1,0.25,0.4,52
913,11,12,60,Y,36,0.1,0.25,0.4,55
914,12,14,70,Y,33,0.1,0.25,0.4,62
915,13,6,30,Y,10,0.1,0.25,0.4,64
916,14,4,20,Y,19,0.1,0.25,0.4,64
917,15,4,20,Y,11,0.1,0.25,0.4,65
918,16,4,20,N,21,0.1,0.25,0.4,67
919,17,9,45,Y,40,0.1,0.25,0.4,68
920,18,6,30,Y,20,0.1,0.25,0.4,69
921,19,9,45,Y,37,0.1,0.25,0.4,74
922,20,4,20,Y,3,0.1,0.25,0.4,74
923,21,14,70,Y,37,0.1,0.25,0.4,76
924,22,7,35,Y,30,0.1,0.25,0.4,78
925,23,6,30,Y,15,0.1,0.25,0.4,78
926,24,17,85,Y,51,0.1,0.25,0.4,81
927,25,15,75,Y,34,0.1,0.25,0.4,81
928,26,7,35,Y,18,0.1,0.25,0.4,82
929,27,11,55,Y,30,0.1,0.25,0.4,84
930,28,10,50,Y,46,0.1,0.25,0.4,85
931,29,14,70,Y,30,0.1,0.25,0.4,85
932,30,16,80,Y,30,0.1,0.25,0.4,89
933,31,8,40,Y,24,0.1,0.25,0.4,91
934,32,16,80,Y,36,0.1,0.25,0.4,93
935,33,6,30,Y,15,0.1,0.25,0.4,96
936,34,9,45,Y,13,0.1,0.25,0.4,97
937,35,10,50,Y,18,0.1,0.25,0.4,98
938,36,11,55,Y,24,0.1,0.25,0.4,98
939,37,12,60,Y,24,0.1,0.25,0.4,98
940,38,12,60,Y,50,0.1,0.25,0.4,101
941,39,11,55,Y,32,0.1,0.25,0.4,103
942,40,6,30,Y,7,0.1,0.25,0.4,103
943,41,13,65,Y,25,0.1,0.25,0.4,103
944,42,5,25,Y,13,0.1,0.25,0.4,105
945,43,12,60,Y,25,0.1,0.25,0.4,108
946,44,7,35,Y,15,0.1,0.25,0.4,112
947,45,11,55,Y,25,0.1,0.25,0.4,114
948,46,7,35,Y,18,0.1,0.25,0.4,116
949,47,6,30,Y,15,0.1,0.25,0.4,116
950,48,16,80,Y,25,0.1,0.25,0.4,117
951,49,10,50,Y,33,0.1,0.25,0.4,117
952,50,8,40,Y,39,0.1,0.25,0.4,120
953,51,8,40,Y,11,0.1,0.25,0.4,120
954,52,5,25,Y,9,0.1,0.25,0.4,120
955,53,14,70,Y,42,0.1,0.25,0.4,123
956,54,6,30,N,31,0.1,0.25,0.4,125
957,55,12,60,Y,21,0.1,0.25,0.4,125
958,56,8,40,Y,38,0.1,0.25,0.4,128
959,57,6,30,Y,6,0.1,0.25,0.4,128
960,58,13,65,Y,27,0.1,0.25,0.4,129
961,59,8,40,Y,19,0.1,0.25,0.4,130
962,60,4,20,Y,12,0.1,0.25,0.4,130
963,61,12,60,Y,27,0.1,0.25,0.4,130
964,62,7,35,Y,15,0.1,0.25,0.4,130
965,63,4,20,Y,8,0.1,0.25,0.4,130
966,64,4,20,Y,12,0.1,0.25,0.4,132
967,65,14,70,Y,19,0.1,0.25,0.4,132
968,66,9,45,Y,18,0.1,0.25,0.4,132
969,67,9,45,Y,14,0.1,0.25,0.4,132
970,68,8,40,Y,23,0.1,0.25,0.4,134
971,69,5,25,N,26,0.1,0.25,0.4,136
972,70,6,30,Y,12,0.1,0.25,0.4,136
973,71,10,50,Y,24,0.1,0.25,0.4,136
974,72,11,55,Y,27,0.1,0.25,0.4,136
975,73,8,40,Y,15,0.1,0.25,0.4,136
976,74,7,35,Y,13,0.1,0.25,0.4,136
977,75,9,45,Y,18,0.1,0.25,0.4,136
978,76,7,35,Y,18,0.1,0.25,0.4,140
979,77,9,45,Y,24,0.1,0.25,0.4,140
980,78,12,60,Y,20,0.1,0.25,0.4,141
981,79,6,30,Y,8,0.1,0.25,0.4,141
982,80,5,25,Y,6,0.1,0.25,0.4,141
983,81,9,45,Y,19,0.1,0.25,0.4,141
984,82,4,20,Y,7,0.1,0.25,0.4,141
985,83,12,60,Y,33,0.1,0.25,0.4,141
986,84,8,40,Y,36,0.1,0.25,0.4,142
987,85,6,30,Y,11,0.1,0.25,0.4,142
988,86,8,40,Y,13,0.1,0.25,0.4,142
989,87,16,80,N,81,0.1,0.25,0.4,143
990,88,9,45,Y,45,0.1,0.25,0.4,144
991,88,9,45,N,46,0.1,0.25,0.4,144
992,89,13,65,Y,22,0.1,0.25,0.4,147
993,90,6,30,Y,8,0.1,0.25,0.4,148
994,91,6,30,Y,9,0.1,0.25,0.4,148
995,92,10,50,Y,38,0.1,0.25,0.4,149
996,93,13,65,Y,27,0.1,0.25,0.4,150
997,94,12,60,Y,23,0.1,0.25,0.4,151
998,95,7,35,Y,12,0.1,0.25,0.4,151
999,96,12,60,Y,22,0.1,0.25,0.4,151
1000,97,10,50,Y,14,0.1,0.25,0.4,151
1001,98,5,25,Y,12,0.1,0.25,0.4,151
1002,99,5,25,Y,9,0.1,0.25,0.4,151
1003,0,9,45,Y,40,0.1,0.3,0.2,17
1004,1,11,55,N,56,0.1,0.3,0.2,32
1005,2,16,80,Y,54,0.1,0.3,0.2,41
1006,3,5,25,Y,8,0.1,0.3,0.2,41
1007,4,10,50,Y,38,0.1,0.3,0.2,45
1008,5,5,25,Y,12,0.1,0.3,0.2,50
1009,6,5,25,Y,10,0.1,0.3,0.2,52
1010,7,10,50,Y,24,0.1,0.3,0.2,55
1011,8,4,20,Y,11,0.1,0.3,0.2,56
1012,9,7,35,Y,28,0.1,0.3,0.2,63
1013,10,9,45,Y,21,0.1,0.3,0.2,67
1014,11,5,25,Y,15,0.1,0.3,0.2,67
1015,12,7,35,N,36,0.1,0.3,0.2,74
1016,13,7,35,Y,18,0.1,0.3,0.2,74
1017,14,13,65,Y,27,0.1,0.3,0.2,75
1018,15,6,30,Y,20,0.1,0.3,0.2,77
1019,16,13,65,Y,35,0.1,0.3,0.2,78
1020,17,7,35,Y,17,0.1,0.3,0.2,80
1021,18,4,20,Y,8,0.1,0.3,0.2,80
1022,19,7,35,Y,33,0.1,0.3,0.2,83
1023,20,8,40,Y,13,0.1,0.3,0.2,84
1024,21,17,85,Y,42,0.1,0.3,0.2,85
1025,22,16,80,Y,27,0.1,0.3,0.2,85
1026,23,11,55,Y,18,0.1,0.3,0.2,87
1027,24,4,20,Y,6,0.1,0.3,0.2,87
1028,25,11,55,Y,19,0.1,0.3,0.2,89
1029,26,17,85,Y,14,0.1,0.3,0.2,89
1030,27,6,30,Y,16,0.1,0.3,0.2,91
1031,28,4,20,Y,7,0.1,0.3,0.2,91
1032,29,5,25,Y,15,0.1,0.3,0.2,92
1033,30,8,40,Y,22,0.1,0.3,0.2,94
1034,31,18,90,Y,45,0.1,0.3,0.2,94
1035,32,6,30,Y,16,0.1,0.3,0.2,94
1036,33,8,40,Y,12,0.1,0.3,0.2,94
1037,34,17,85,Y,19,0.1,0.3,0.2,95
1038,35,7,35,Y,28,0.1,0.3,0.2,96
1039,36,13,65,Y,22,0.1,0.3,0.2,97
1040,37,13,65,Y,21,0.1,0.3,0.2,98
1041,38,6,30,Y,12,0.1,0.3,0.2,98
1042,39,15,75,Y,40,0.1,0.3,0.2,98
1043,40,10,50,Y,12,0.1,0.3,0.2,98
1044,41,8,40,Y,12,0.1,0.3,0.2,98
1045,42,13,65,Y,22,0.1,0.3,0.2,99
1046,43,8,40,Y,12,0.1,0.3,0.2,99
1047,44,15,75,Y,19,0.1,0.3,0.2,99
1048,45,16,80,Y,52,0.1,0.3,0.2,99
1049,46,10,50,Y,24,0.1,0.3,0.2,99
1050,47,12,60,Y,39,0.1,0.3,0.2,103
1051,48,19,95,Y,42,0.1,0.3,0.2,103
1052,49,4,20,Y,15,0.1,0.3,0.2,103
1053,50,15,75,Y,39,0.1,0.3,0.2,105
1054,51,10,50,Y,21,0.1,0.3,0.2,105
1055,52,12,60,Y,16,0.1,0.3,0.2,105
1056,53,10,50,Y,17,0.1,0.3,0.2,106
1057,54,4,20,Y,11,0.1,0.3,0.2,106
1058,55,8,40,Y,12,0.1,0.3,0.2,106
1059,56,11,55,Y,16,0.1,0.3,0.2,106
1060,57,8,40,Y,18,0.1,0.3,0.2,106
1061,58,16,80,Y,32,0.1,0.3,0.2,106
1062,59,9,45,Y,10,0.1,0.3,0.2,106
1063,60,14,70,Y,26,0.1,0.3,0.2,108
1064,61,11,55,Y,36,0.1,0.3,0.2,109
1065,62,14,70,Y,30,0.1,0.3,0.2,109
1066,63,13,65,N,66,0.1,0.3,0.2,111
1067,64,4,20,Y,9,0.1,0.3,0.2,111
1068,65,11,55,Y,26,0.1,0.3,0.2,112
1069,66,7,35,Y,15,0.1,0.3,0.2,112
1070,67,6,30,Y,18,0.1,0.3,0.2,113
1071,68,5,25,Y,14,0.1,0.3,0.2,113
1072,69,12,60,Y,22,0.1,0.3,0.2,113
1073,70,13,65,Y,34,0.1,0.3,0.2,114
1074,71,8,40,Y,10,0.1,0.3,0.2,114
1075,72,5,25,Y,15,0.1,0.3,0.2,116
1076,73,8,40,Y,11,0.1,0.3,0.2,118
1077,74,16,80,Y,31,0.1,0.3,0.2,119
1078,75,15,75,Y,26,0.1,0.3,0.2,119
1079,76,14,70,Y,48,0.1,0.3,0.2,120
1080,77,6,30,Y,9,0.1,0.3,0.2,121
1081,78,16,80,Y,24,0.1,0.3,0.2,121
1082,79,5,25,Y,6,0.1,0.3,0.2,121
1083,80,9,45,Y,29,0.1,0.3,0.2,121
1084,81,6,30,Y,8,0.1,0.3,0.2,122
1085,82,4,20,Y,6,0.1,0.3,0.2,122
1086,83,8,40,Y,12,0.1,0.3,0.2,122
1087,84,7,35,Y,15,0.1,0.3,0.2,123
1088,85,11,55,Y,22,0.1,0.3,0.2,123
1089,86,11,55,Y,19,0.1,0.3,0.2,123
1090,87,10,50,Y,21,0.1,0.3,0.2,124
1091,88,11,55,Y,17,0.1,0.3,0.2,124
1092,89,5,25,Y,15,0.1,0.3,0.2,124
1093,90,8,40,Y,1,0.1,0.3,0.2,124
1094,91,7,35,Y,15,0.1,0.3,0.2,124
1095,92,7,35,Y,11,0.1,0.3,0.2,124
1096,93,13,65,Y,27,0.1,0.3,0.2,126
1097,94,11,55,Y,28,0.1,0.3,0.2,127
1098,95,17,85,Y,28,0.1,0.3,0.2,128
1099,96,9,45,Y,19,0.1,0.3,0.2,128
1100,97,5,25,Y,9,0.1,0.3,0.2,128
1101,98,6,30,Y,30,0.1,0.3,0.2,129
1102,98,6,30,N,31,0.1,0.3,0.2,129
1103,99,9,45,Y,18,0.1,0.3,0.2,129
1104,0,16,80,Y,0,0.1,0.3,0.25,0
1105,1,6,30,N,31,0.1,0.3,0.25,16
1106,2,11,55,N,56,0.1,0.3,0.25,31
1107,3,11,55,Y,48,0.1,0.3,0.25,35
1108,4,6,30,Y,24,0.1,0.3,0.25,40
1109,5,6,30,Y,13,0.1,0.3,0.25,41
1110,6,7,35,Y,18,0.1,0.3,0.25,44
1111,7,11,55,N,56,0.1,0.3,0.25,52
1112,8,15,75,Y,33,0.1,0.3,0.25,53
1113,9,19,95,Y,40,0.1,0.3,0.25,55
1114,10,13,65,Y,31,0.1,0.3,0.25,59
1115,11,12,60,Y,24,0.1,0.3,0.25,61
1116,12,11,55,Y,33,0.1,0.3,0.25,63
1117,13,8,40,Y,15,0.1,0.3,0.25,64
1118,14,18,90,Y,9,0.1,0.3,0.25,65
1119,15,14,70,Y,36,0.1,0.3,0.25,70
1120,16,5,25,Y,10,0.1,0.3,0.25,72
1121,17,7,35,Y,9,0.1,0.3,0.25,72
1122,18,7,35,Y,8,0.1,0.3,0.25,72
1123,19,11,55,Y,36,0.1,0.3,0.25,75
1124,20,6,30,Y,13,0.1,0.3,0.25,77
1125,21,8,40,Y,9,0.1,0.3,0.25,77
1126,22,13,65,Y,30,0.1,0.3,0.25,79
1127,23,10,50,Y,18,0.1,0.3,0.25,81
1128,24,5,25,Y,10,0.1,0.3,0.25,84
1129,25,10,50,Y,24,0.1,0.3,0.25,84
1130,26,11,55,Y,25,0.1,0.3,0.25,87
1131,27,9,45,Y,18,0.1,0.3,0.25,88
1132,28,7,35,Y,9,0.1,0.3,0.25,89
1133,29,5,25,Y,6,0.1,0.3,0.25,89
1134,30,5,25,Y,9,0.1,0.3,0.25,89
1135,31,8,40,Y,25,0.1,0.3,0.25,92
1136,32,15,75,Y,27,0.1,0.3,0.25,92
1137,33,7,35,Y,15,0.1,0.3,0.25,92
1138,34,4,20,Y,4,0.1,0.3,0.25,92
1139,35,10,50,N,51,0.1,0.3,0.25,93
1140,36,6,30,Y,12,0.1,0.3,0.25,94
1141,37,10,50,Y,18,0.1,0.3,0.25,95
1142,38,6,30,Y,9,0.1,0.3,0.25,95
1143,39,5,25,Y,7,0.1,0.3,0.25,95
1144,40,10,50,Y,15,0.1,0.3,0.25,95
1145,41,12,60,Y,36,0.1,0.3,0.25,96
1146,42,20,100,Y,51,0.1,0.3,0.25,99
1147,43,11,55,Y,29,0.1,0.3,0.25,99
1148,44,7,35,Y,15,0.1,0.3,0.25,100
1149,45,7,35,Y,9,0.1,0.3,0.25,100
1150,46,14,70,Y,39,0.1,0.3,0.25,100
1151,47,18,90,Y,60,0.1,0.3,0.25,102
1152,48,13,65,Y,24,0.1,0.3,0.25,104
1153,49,10,50,Y,28,0.1,0.3,0.25,105
1154,50,17,85,Y,71,0.1,0.3,0.25,110
1155,51,11,55,Y,21,0.1,0.3,0.25,111
1156,52,10,50,Y,22,0.1,0.3,0.25,111
1157,53,13,65,Y,17,0.1,0.3,0.25,111
1158,54,6,30,Y,16,0.1,0.3,0.25,112
1159,55,8,40,Y,19,0.1,0.3,0.25,112
1160,56,6,30,Y,11,0.1,0.3,0.25,112
1161,57,11,55,Y,20,0.1,0.3,0.25,112
1162,58,13,65,Y,27,0.1,0.3,0.25,113
1163,59,14,70,Y,28,0.1,0.3,0.25,113
1164,60,9,45,Y,18,0.1,0.3,0.25,113
1165,61,4,20,N,21,0.1,0.3,0.25,115
1166,62,5,25,Y,8,0.1,0.3,0.25,115
1167,63,8,40,Y,13,0.1,0.3,0.25,116
1168,64,7,35,Y,30,0.1,0.3,0.25,117
1169,65,6,30,Y,9,0.1,0.3,0.25,117
1170,66,9,45,Y,22,0.1,0.3,0.25,117
1171,67,8,40,Y,15,0.1,0.3,0.25,118
1172,68,6,30,Y,11,0.1,0.3,0.25,118
1173,69,14,70,Y,27,0.1,0.3,0.25,118
1174,70,13,65,Y,36,0.1,0.3,0.25,122
1175,71,15,75,Y,45,0.1,0.3,0.25,124
1176,72,9,45,Y,30,0.1,0.3,0.25,125
1177,73,10,50,Y,25,0.1,0.3,0.25,125
1178,74,16,80,Y,43,0.1,0.3,0.25,127
1179,75,17,85,Y,55,0.1,0.3,0.25,128
1180,76,7,35,Y,18,0.1,0.3,0.25,128
1181,77,6,30,Y,14,0.1,0.3,0.25,128
1182,78,4,20,Y,9,0.1,0.3,0.25,128
1183,79,15,75,N,76,0.1,0.3,0.25,131
1184,80,10,50,Y,27,0.1,0.3,0.25,133
1185,81,5,25,Y,11,0.1,0.3,0.25,133
1186,82,8,40,Y,31,0.1,0.3,0.25,141
1187,83,8,40,Y,15,0.1,0.3,0.25,142
1188,84,13,65,Y,25,0.1,0.3,0.25,142
1189,85,6,30,Y,7,0.1,0.3,0.25,142
1190,86,7,35,Y,15,0.1,0.3,0.25,143
1191,87,9,45,Y,30,0.1,0.3,0.25,145
1192,88,5,25,Y,12,0.1,0.3,0.25,145
1193,89,7,35,N,36,0.1,0.3,0.25,145
1194,90,10,50,Y,34,0.1,0.3,0.25,145
1195,91,14,70,Y,30,0.1,0.3,0.25,145
1196,92,8,40,Y,14,0.1,0.3,0.25,145
1197,93,15,75,Y,20,0.1,0.3,0.25,145
1198,94,8,40,Y,38,0.1,0.3,0.25,146
1199,95,6,30,Y,10,0.1,0.3,0.25,146
1200,96,14,70,Y,36,0.1,0.3,0.25,148
1201,97,7,35,Y,15,0.1,0.3,0.25,149
1202,98,17,85,Y,38,0.1,0.3,0.25,149
1203,99,9,45,Y,10,0.1,0.3,0.25,149
1204,0,17,85,Y,15,0.1,0.3,0.3,11
1205,1,8,40,Y,30,0.1,0.3,0.3,21
1206,2,7,35,Y,30,0.1,0.3,0.3,28
1207,3,8,40,Y,13,0.1,0.3,0.3,30
1208,4,17,85,Y,9,0.1,0.3,0.3,34
1209,5,16,80,Y,58,0.1,0.3,0.3,44
1210,6,16,80,Y,34,0.1,0.3,0.3,50
1211,7,6,30,Y,9,0.1,0.3,0.3,53
1212,8,8,40,Y,18,0.1,0.3,0.3,55
1213,9,11,55,Y,24,0.1,0.3,0.3,58
1214,10,5,25,Y,13,0.1,0.3,0.3,58
1215,11,6,30,Y,12,0.1,0.3,0.3,58
1216,12,16,80,Y,60,0.1,0.3,0.3,65
1217,13,5,25,Y,5,0.1,0.3,0.3,65
1218,14,5,25,Y,21,0.1,0.3,0.3,73
1219,15,7,35,N,36,0.1,0.3,0.3,76
1220,16,11,55,Y,37,0.1,0.3,0.3,82
1221,17,10,50,Y,40,0.1,0.3,0.3,85
1222,18,5,25,Y,9,0.1,0.3,0.3,85
1223,19,4,20,Y,10,0.1,0.3,0.3,86
1224,20,4,20,Y,5,0.1,0.3,0.3,86
1225,21,7,35,Y,15,0.1,0.3,0.3,86
1226,22,8,40,N,41,0.1,0.3,0.3,90
1227,23,8,40,Y,14,0.1,0.3,0.3,90
1228,24,11,55,Y,45,0.1,0.3,0.3,94
1229,25,12,60,Y,30,0.1,0.3,0.3,95
1230,26,7,35,Y,15,0.1,0.3,0.3,98
1231,27,4,20,Y,5,0.1,0.3,0.3,98
1232,28,12,60,Y,19,0.1,0.3,0.3,99
1233,29,6,30,Y,10,0.1,0.3,0.3,99
1234,30,8,40,Y,13,0.1,0.3,0.3,100
1235,31,5,25,Y,9,0.1,0.3,0.3,100
1236,32,5,25,Y,12,0.1,0.3,0.3,100
1237,33,15,75,Y,71,0.1,0.3,0.3,102
1238,34,6,30,Y,24,0.1,0.3,0.3,103
1239,35,9,45,Y,45,0.1,0.3,0.3,106
1240,35,9,45,N,46,0.1,0.3,0.3,106
1241,36,6,30,Y,13,0.1,0.3,0.3,106
1242,37,8,40,Y,14,0.1,0.3,0.3,106
1243,38,12,60,Y,18,0.1,0.3,0.3,107
1244,39,5,25,Y,9,0.1,0.3,0.3,107
1245,40,15,75,Y,27,0.1,0.3,0.3,107
1246,41,7,35,Y,18,0.1,0.3,0.3,107
1247,42,6,30,Y,12,0.1,0.3,0.3,108
1248,43,7,35,N,36,0.1,0.3,0.3,109
1249,44,4,20,Y,12,0.1,0.3,0.3,110
1250,45,18,90,Y,42,0.1,0.3,0.3,111
1251,46,7,35,Y,9,0.1,0.3,0.3,111
1252,47,6,30,Y,24,0.1,0.3,0.3,113
1253,48,7,35,Y,9,0.1,0.3,0.3,113
1254,49,10,50,Y,24,0.1,0.3,0.3,114
1255,50,6,30,Y,12,0.1,0.3,0.3,114
1256,51,12,60,Y,27,0.1,0.3,0.3,116
1257,52,11,55,Y,37,0.1,0.3,0.3,121
1258,53,17,85,Y,36,0.1,0.3,0.3,123
1259,54,6,30,N,31,0.1,0.3,0.3,127
1260,55,5,25,Y,8,0.1,0.3,0.3,129
1261,56,9,45,Y,14,0.1,0.3,0.3,129
1262,57,4,20,Y,14,0.1,0.3,0.3,130
1263,58,9,45,Y,27,0.1,0.3,0.3,131
1264,59,4,20,Y,5,0.1,0.3,0.3,131
1265,60,8,40,Y,18,0.1,0.3,0.3,131
1266,61,5,25,Y,12,0.1,0.3,0.3,131
1267,62,8,40,Y,16,0.1,0.3,0.3,131
1268,63,6,30,Y,12,0.1,0.3,0.3,132
1269,64,5,25,Y,19,0.1,0.3,0.3,132
1270,65,6,30,Y,12,0.1,0.3,0.3,132
1271,66,9,45,Y,18,0.1,0.3,0.3,132
1272,67,4,20,Y,7,0.1,0.3,0.3,132
1273,68,14,70,Y,22,0.1,0.3,0.3,132
1274,69,13,65,Y,19,0.1,0.3,0.3,132
1275,70,9,45,Y,15,0.1,0.3,0.3,132
1276,71,14,70,Y,24,0.1,0.3,0.3,132
1277,72,7,35,Y,19,0.1,0.3,0.3,132
1278,73,10,50,Y,36,0.1,0.3,0.3,133
1279,74,11,55,Y,17,0.1,0.3,0.3,133
1280,75,19,95,Y,38,0.1,0.3,0.3,133
1281,76,15,75,Y,33,0.1,0.3,0.3,133
1282,77,6,30,Y,11,0.1,0.3,0.3,133
1283,78,4,20,Y,8,0.1,0.3,0.3,133
1284,79,7,35,Y,10,0.1,0.3,0.3,133
1285,80,9,45,Y,12,0.1,0.3,0.3,133
1286,81,13,65,Y,19,0.1,0.3,0.3,133
1287,82,10,50,Y,12,0.1,0.3,0.3,133
1288,83,11,55,Y,21,0.1,0.3,0.3,133
1289,84,8,40,Y,12,0.1,0.3,0.3,133
1290,85,9,45,Y,21,0.1,0.3,0.3,134
1291,86,9,45,Y,13,0.1,0.3,0.3,134
1292,87,11,55,Y,33,0.1,0.3,0.3,134
1293,88,4,20,Y,3,0.1,0.3,0.3,134
1294,89,9,45,Y,23,0.1,0.3,0.3,135
1295,90,6,30,Y,11,0.1,0.3,0.3,135
1296,91,8,40,Y,17,0.1,0.3,0.3,135
1297,92,12,60,Y,23,0.1,0.3,0.3,135
1298,93,9,45,Y,13,0.1,0.3,0.3,135
1299,94,7,35,Y,33,0.1,0.3,0.3,136
1300,95,13,65,Y,30,0.1,0.3,0.3,136
1301,96,8,40,Y,13,0.1,0.3,0.3,136
1302,97,18,90,Y,33,0.1,0.3,0.3,137
1303,98,10,50,Y,29,0.1,0.3,0.3,137
1304,99,10,50,Y,30,0.1,0.3,0.3,137
1305,0,8,40,Y,32,0.1,0.3,0.35,16
1306,1,4,20,Y,18,0.1,0.3,0.35,22
1307,2,8,40,Y,24,0.1,0.3,0.35,25
1308,3,6,30,N,31,0.1,0.3,0.35,33
1309,4,5,25,Y,15,0.1,0.3,0.35,34
1310,5,5,25,Y,14,0.1,0.3,0.35,39
1311,6,15,75,Y,39,0.1,0.3,0.35,44
1312,7,6,30,Y,8,0.1,0.3,0.35,44
1313,8,10,50,Y,18,0.1,0.3,0.35,44
1314,9,10,50,N,51,0.1,0.3,0.35,50
1315,10,5,25,Y,12,0.1,0.3,0.35,51
1316,11,5,25,Y,6,0.1,0.3,0.35,51
1317,12,17,85,Y,32,0.1,0.3,0.35,51
1318,13,13,65,Y,58,0.1,0.3,0.35,63
1319,14,14,70,N,71,0.1,0.3,0.35,72
1320,15,9,45,N,46,0.1,0.3,0.35,73
1321,16,10,50,Y,36,0.1,0.3,0.35,76
1322,17,12,60,Y,28,0.1,0.3,0.35,79
1323,18,6,30,Y,9,0.1,0.3,0.35,79
1324,19,5,25,Y,15,0.1,0.3,0.35,83
1325,20,4,20,Y,7,0.1,0.3,0.35,83
1326,21,7,35,Y,15,0.1,0.3,0.35,84
1327,22,5,25,Y,9,0.1,0.3,0.35,84
1328,23,13,65,Y,43,0.1,0.3,0.35,87
1329,24,15,75,Y,34,0.1,0.3,0.35,88
1330,25,7,35,Y,10,0.1,0.3,0.35,88
1331,26,6,30,Y,11,0.1,0.3,0.35,88
1332,27,16,80,Y,48,0.1,0.3,0.35,92
1333,28,5,25,Y,8,0.1,0.3,0.35,92
1334,29,11,55,Y,18,0.1,0.3,0.35,92
1335,30,8,40,N,41,0.1,0.3,0.35,94
1336,31,11,55,Y,25,0.1,0.3,0.35,94
1337,32,17,85,Y,62,0.1,0.3,0.35,96
1338,33,12,60,Y,29,0.1,0.3,0.35,97
1339,34,4,20,Y,11,0.1,0.3,0.35,97
1340,35,10,50,Y,39,0.1,0.3,0.35,98
1341,36,16,80,Y,72,0.1,0.3,0.35,102
1342,37,18,90,Y,48,0.1,0.3,0.35,106
1343,38,17,85,Y,4,0.1,0.3,0.35,106
1344,39,10,50,Y,41,0.1,0.3,0.35,107
1345,40,5,25,Y,10,0.1,0.3,0.35,107
1346,41,4,20,Y,6,0.1,0.3,0.35,108
1347,42,16,80,Y,38,0.1,0.3,0.35,108
1348,43,15,75,Y,12,0.1,0.3,0.35,108
1349,44,17,85,Y,49,0.1,0.3,0.35,109
1350,45,16,80,Y,40,0.1,0.3,0.35,110
1351,46,4,20,Y,14,0.1,0.3,0.35,111
1352,47,8,40,Y,23,0.1,0.3,0.35,111
1353,48,5,25,Y,4,0.1,0.3,0.35,111
1354,49,4,20,Y,5,0.1,0.3,0.35,111
1355,50,5,25,N,26,0.1,0.3,0.35,111
1356,51,21,105,Y,84,0.1,0.3,0.35,114
1357,52,8,40,Y,24,0.1,0.3,0.35,116
1358,53,15,75,Y,44,0.1,0.3,0.35,118
1359,54,6,30,Y,15,0.1,0.3,0.35,118
1360,55,7,35,Y,25,0.1,0.3,0.35,120
1361,56,5,25,Y,10,0.1,0.3,0.35,120
1362,57,12,60,Y,28,0.1,0.3,0.35,121
1363,58,11,55,Y,19,0.1,0.3,0.35,121
1364,59,12,60,Y,33,0.1,0.3,0.35,121
1365,60,8,40,Y,13,0.1,0.3,0.35,121
1366,61,4,20,Y,12,0.1,0.3,0.35,121
1367,62,6,30,Y,10,0.1,0.3,0.35,121
1368,63,6,30,N,31,0.1,0.3,0.35,122
1369,64,18,90,Y,51,0.1,0.3,0.35,124
1370,65,10,50,Y,18,0.1,0.3,0.35,124
1371,66,5,25,Y,13,0.1,0.3,0.35,125
1372,67,5,25,Y,20,0.1,0.3,0.35,125
1373,68,7,35,Y,25,0.1,0.3,0.35,128
1374,69,9,45,Y,19,0.1,0.3,0.35,128
1375,70,8,40,Y,10,0.1,0.3,0.35,129
1376,71,12,60,Y,48,0.1,0.3,0.35,130
1377,72,14,70,Y,36,0.1,0.3,0.35,130
1378,73,8,40,Y,18,0.1,0.3,0.35,131
1379,74,8,40,Y,21,0.1,0.3,0.35,131
1380,75,14,70,Y,64,0.1,0.3,0.35,132
1381,76,9,45,Y,32,0.1,0.3,0.35,132
1382,77,7,35,Y,15,0.1,0.3,0.35,132
1383,78,4,20,Y,6,0.1,0.3,0.35,132
1384,79,5,25,Y,5,0.1,0.3,0.35,132
1385,80,4,20,Y,6,0.1,0.3,0.35,132
1386,81,8,40,Y,14,0.1,0.3,0.35,132
1387,82,12,60,Y,21,0.1,0.3,0.35,133
1388,83,8,40,Y,29,0.1,0.3,0.35,133
1389,84,9,45,Y,12,0.1,0.3,0.35,133
1390,85,5,25,Y,12,0.1,0.3,0.35,134
1391,86,18,90,Y,46,0.1,0.3,0.35,136
1392,87,4,20,N,21,0.1,0.3,0.35,137
1393,88,11,55,Y,18,0.1,0.3,0.35,137
1394,89,9,45,Y,29,0.1,0.3,0.35,137
1395,90,7,35,Y,32,0.1,0.3,0.35,139
1396,91,5,25,Y,20,0.1,0.3,0.35,139
1397,92,11,55,Y,50,0.1,0.3,0.35,140
1398,93,6,30,Y,8,0.1,0.3,0.35,140
1399,94,7,35,Y,10,0.1,0.3,0.35,140
1400,95,13,65,Y,21,0.1,0.3,0.35,140
1401,96,14,70,N,71,0.1,0.3,0.35,141
1402,97,14,70,Y,42,0.1,0.3,0.35,141
1403,98,14,70,Y,27,0.1,0.3,0.35,144
1404,99,12,60,Y,36,0.1,0.3,0.35,144
1405,0,10,50,N,51,0.1,0.3,0.4,26
1406,1,8,40,Y,12,0.1,0.3,0.4,26
1407,2,8,40,Y,35,0.1,0.3,0.4,32
1408,3,9,45,Y,21,0.1,0.3,0.4,33
1409,4,5,25,Y,9,0.1,0.3,0.4,34
1410,5,6,30,Y,12,0.1,0.3,0.4,36
1411,6,11,55,Y,19,0.1,0.3,0.4,38
1412,7,8,40,Y,16,0.1,0.3,0.4,38
1413,8,9,45,Y,16,0.1,0.3,0.4,40
1414,9,16,80,Y,57,0.1,0.3,0.4,46
1415,10,9,45,Y,21,0.1,0.3,0.4,47
1416,11,5,25,Y,9,0.1,0.3,0.4,47
1417,12,10,50,Y,18,0.1,0.3,0.4,47
1418,13,8,40,Y,15,0.1,0.3,0.4,47
1419,14,10,50,Y,39,0.1,0.3,0.4,48
1420,15,12,60,Y,30,0.1,0.3,0.4,48
1421,16,5,25,Y,13,0.1,0.3,0.4,50
1422,17,7,35,Y,24,0.1,0.3,0.4,54
1423,18,6,30,Y,10,0.1,0.3,0.4,54
1424,19,5,25,Y,19,0.1,0.3,0.4,56
1425,20,14,70,Y,69,0.1,0.3,0.4,67
1426,21,7,35,Y,13,0.1,0.3,0.4,68
1427,22,12,60,Y,30,0.1,0.3,0.4,70
1428,23,15,75,Y,27,0.1,0.3,0.4,71
1429,24,17,85,Y,70,0.1,0.3,0.4,73
1430,25,8,40,Y,25,0.1,0.3,0.4,77
1431,26,8,40,Y,18,0.1,0.3,0.4,79
1432,27,11,55,Y,18,0.1,0.3,0.4,81
1433,28,10,50,Y,33,0.1,0.3,0.4,84
1434,29,10,50,Y,16,0.1,0.3,0.4,86
1435,30,5,25,Y,12,0.1,0.3,0.4,87
1436,31,6,30,Y,8,0.1,0.3,0.4,87
1437,32,6,30,Y,6,0.1,0.3,0.4,87
1438,33,14,70,N,71,0.1,0.3,0.4,90
1439,34,10,50,Y,21,0.1,0.3,0.4,90
1440,35,13,65,Y,29,0.1,0.3,0.4,91
1441,36,6,30,Y,24,0.1,0.3,0.4,92
1442,37,17,85,Y,31,0.1,0.3,0.4,92
1443,38,17,85,Y,49,0.1,0.3,0.4,92
1444,39,4,20,Y,5,0.1,0.3,0.4,92
1445,40,7,35,Y,11,0.1,0.3,0.4,92
1446,41,5,25,N,26,0.1,0.3,0.4,95
1447,42,16,80,Y,45,0.1,0.3,0.4,97
1448,43,19,95,Y,45,0.1,0.3,0.4,98
1449,44,5,25,Y,8,0.1,0.3,0.4,98
1450,45,10,50,Y,24,0.1,0.3,0.4,98
1451,46,4,20,N,21,0.1,0.3,0.4,98
1452,47,14,70,Y,41,0.1,0.3,0.4,100
1453,48,6,30,Y,14,0.1,0.3,0.4,102
1454,49,7,35,Y,12,0.1,0.3,0.4,102
1455,50,5,25,Y,9,0.1,0.3,0.4,102
1456,51,12,60,Y,21,0.1,0.3,0.4,102
1457,52,7,35,Y,23,0.1,0.3,0.4,102
1458,53,8,40,Y,22,0.1,0.3,0.4,104
1459,54,6,30,Y,12,0.1,0.3,0.4,104
1460,55,7,35,N,36,0.1,0.3,0.4,107
1461,56,10,50,Y,16,0.1,0.3,0.4,109
1462,57,12,60,Y,48,0.1,0.3,0.4,111
1463,58,12,60,Y,30,0.1,0.3,0.4,112
1464,59,11,55,Y,24,0.1,0.3,0.4,112
1465,60,7,35,Y,21,0.1,0.3,0.4,112
1466,61,4,20,Y,9,0.1,0.3,0.4,113
1467,62,17,85,Y,45,0.1,0.3,0.4,114
1468,63,9,45,Y,15,0.1,0.3,0.4,114
1469,64,5,25,Y,4,0.1,0.3,0.4,114
1470,65,5,25,N,26,0.1,0.3,0.4,114
1471,66,11,55,Y,45,0.1,0.3,0.4,117
1472,67,5,25,Y,14,0.1,0.3,0.4,118
1473,68,18,90,Y,35,0.1,0.3,0.4,119
1474,69,17,85,Y,21,0.1,0.3,0.4,122
1475,70,4,20,Y,6,0.1,0.3,0.4,122
1476,71,6,30,Y,24,0.1,0.3,0.4,123
1477,72,6,30,Y,16,0.1,0.3,0.4,123
1478,73,10,50,Y,28,0.1,0.3,0.4,123
1479,74,12,60,Y,24,0.1,0.3,0.4,123
1480,75,12,60,Y,22,0.1,0.3,0.4,124
1481,76,8,40,Y,18,0.1,0.3,0.4,124
1482,77,8,40,Y,22,0.1,0.3,0.4,125
1483,78,6,30,Y,12,0.1,0.3,0.4,125
1484,79,11,55,Y,16,0.1,0.3,0.4,125
1485,80,5,25,Y,8,0.1,0.3,0.4,125
1486,81,12,60,Y,21,0.1,0.3,0.4,126
1487,82,8,40,Y,27,0.1,0.3,0.4,126
1488,83,9,45,Y,45,0.1,0.3,0.4,127
1489,83,9,45,N,46,0.1,0.3,0.4,127
1490,84,14,70,Y,34,0.1,0.3,0.4,128
1491,85,12,60,Y,24,0.1,0.3,0.4,128
1492,86,11,55,Y,51,0.1,0.3,0.4,129
1493,87,8,40,Y,14,0.1,0.3,0.4,129
1494,88,8,40,Y,11,0.1,0.3,0.4,129
1495,89,9,45,Y,36,0.1,0.3,0.4,129
1496,90,7,35,Y,12,0.1,0.3,0.4,129
1497,91,9,45,Y,16,0.1,0.3,0.4,129
1498,92,12,60,Y,28,0.1,0.3,0.4,129
1499,93,8,40,Y,9,0.1,0.3,0.4,129
1500,94,11,55,Y,30,0.1,0.3,0.4,130
1501,95,10,50,Y,31,0.1,0.3,0.4,130
1502,96,9,45,Y,17,0.1,0.3,0.4,132
1503,97,8,40,Y,16,0.1,0.3,0.4,133
1504,98,7,35,Y,15,0.1,0.3,0.4,134
1505,99,13,65,Y,40,0.1,0.3,0.4,134
1506,0,15,75,Y,11,0.1,0.35,0.2,10
1507,1,10,50,Y,33,0.1,0.35,0.2,24
1508,2,13,65,Y,43,0.1,0.35,0.2,34
1509,3,16,80,Y,44,0.1,0.35,0.2,39
1510,4,8,40,Y,36,0.1,0.35,0.2,42
1511,5,7,35,Y,16,0.1,0.35,0.2,43
1512,6,7,35,Y,9,0.1,0.35,0.2,43
1513,7,18,90,Y,34,0.1,0.35,0.2,47
1514,8,9,45,Y,19,0.1,0.35,0.2,50
1515,9,9,45,Y,18,0.1,0.35,0.2,50
1516,10,8,40,Y,16,0.1,0.35,0.2,54
1517,11,10,50,Y,25,0.1,0.35,0.2,60
1518,12,12,60,Y,26,0.1,0.35,0.2,63
1519,13,5,25,Y,9,0.1,0.35,0.2,64
1520,14,12,60,Y,38,0.1,0.35,0.2,69
1521,15,11,55,Y,21,0.1,0.35,0.2,69
1522,16,13,65,Y,48,0.1,0.35,0.2,75
1523,17,16,80,Y,42,0.1,0.35,0.2,78
1524,18,8,40,Y,16,0.1,0.35,0.2,80
1525,19,10,50,Y,21,0.1,0.35,0.2,81
1526,20,12,60,Y,42,0.1,0.35,0.2,85
1527,21,5,25,Y,13,0.1,0.35,0.2,87
1528,22,8,40,Y,12,0.1,0.35,0.2,89
1529,23,16,80,Y,66,0.1,0.35,0.2,93
1530,24,6,30,Y,8,0.1,0.35,0.2,93
1531,25,6,30,Y,11,0.1,0.35,0.2,93
1532,26,6,30,Y,14,0.1,0.35,0.2,93
1533,27,5,25,Y,6,0.1,0.35,0.2,93
1534,28,9,45,Y,15,0.1,0.35,0.2,93
1535,29,7,35,Y,13,0.1,0.35,0.2,93
1536,30,8,40,Y,16,0.1,0.35,0.2,93
1537,31,10,50,N,51,0.1,0.35,0.2,100
1538,32,10,50,Y,45,0.1,0.35,0.2,102
1539,33,8,40,Y,21,0.1,0.35,0.2,104
1540,34,11,55,Y,24,0.1,0.35,0.2,107
1541,35,15,75,Y,38,0.1,0.35,0.2,110
1542,36,8,40,Y,18,0.1,0.35,0.2,111
1543,37,6,30,Y,10,0.1,0.35,0.2,111
1544,38,10,50,Y,18,0.1,0.35,0.2,112
1545,39,8,40,Y,15,0.1,0.35,0.2,113
1546,40,9,45,Y,17,0.1,0.35,0.2,113
1547,41,9,45,Y,21,0.1,0.35,0.2,114
1548,42,7,35,Y,15,0.1,0.35,0.2,114
1549,43,11,55,Y,21,0.1,0.35,0.2,115
1550,44,10,50,Y,28,0.1,0.35,0.2,115
1551,45,5,25,Y,12,0.1,0.35,0.2,115
1552,46,7,35,Y,14,0.1,0.35,0.2,115
1553,47,13,65,Y,34,0.1,0.35,0.2,115
1554,48,5,25,Y,19,0.1,0.35,0.2,119
1555,49,6,30,Y,28,0.1,0.35,0.2,120
1556,50,13,65,Y,42,0.1,0.35,0.2,121
1557,51,5,25,Y,21,0.1,0.35,0.2,122
1558,52,5,25,Y,15,0.1,0.35,0.2,125
1559,53,16,80,Y,24,0.1,0.35,0.2,125
1560,54,14,70,Y,43,0.1,0.35,0.2,128
1561,55,7,35,Y,13,0.1,0.35,0.2,129
1562,56,4,20,Y,6,0.1,0.35,0.2,129
1563,57,9,45,Y,18,0.1,0.35,0.2,129
1564,58,7,35,Y,15,0.1,0.35,0.2,129
1565,59,10,50,Y,17,0.1,0.35,0.2,129
1566,60,6,30,Y,10,0.1,0.35,0.2,130
1567,61,7,35,Y,13,0.1,0.35,0.2,130
1568,62,12,60,Y,21,0.1,0.35,0.2,131
1569,63,8,40,Y,16,0.1,0.35,0.2,131
1570,64,11,55,Y,24,0.1,0.35,0.2,132
1571,65,6,30,Y,18,0.1,0.35,0.2,132
1572,66,9,45,Y,15,0.1,0.35,0.2,132
1573,67,8,40,Y,16,0.1,0.35,0.2,135
1574,68,9,45,Y,15,0.1,0.35,0.2,136
1575,69,18,90,Y,56,0.1,0.35,0.2,137
1576,70,7,35,Y,12,0.1,0.35,0.2,137
1577,71,7,35,Y,15,0.1,0.35,0.2,138
1578,72,17,85,Y,46,0.1,0.35,0.2,138
1579,73,5,25,Y,17,0.1,0.35,0.2,139
1580,74,8,40,Y,15,0.1,0.35,0.2,139
1581,75,4,20,Y,13,0.1,0.35,0.2,141
1582,76,7,35,Y,34,0.1,0.35,0.2,141
1583,77,7,35,Y,15,0.1,0.35,0.2,141
1584,78,9,45,Y,24,0.1,0.35,0.2,142
1585,79,17,85,Y,41,0.1,0.35,0.2,143
1586,80,4,20,Y,8,0.1,0.35,0.2,143
1587,81,9,45,Y,29,0.1,0.35,0.2,144
1588,82,9,45,Y,26,0.1,0.35,0.2,145
1589,83,11,55,Y,28,0.1,0.35,0.2,145
1590,84,10,50,Y,27,0.1,0.35,0.2,147
1591,85,8,40,Y,14,0.1,0.35,0.2,148
1592,86,15,75,Y,55,0.1,0.35,0.2,150
1593,87,7,35,Y,12,0.1,0.35,0.2,150
1594,88,8,40,Y,15,0.1,0.35,0.2,151
1595,89,16,80,Y,33,0.1,0.35,0.2,152
1596,90,11,55,Y,21,0.1,0.35,0.2,153
1597,91,16,80,Y,58,0.1,0.35,0.2,156
1598,92,8,40,Y,15,0.1,0.35,0.2,156
1599,93,6,30,Y,15,0.1,0.35,0.2,156
1600,94,5,25,Y,9,0.1,0.35,0.2,156
1601,95,5,25,Y,24,0.1,0.35,0.2,157
1602,96,17,85,Y,77,0.1,0.35,0.2,159
1603,97,8,40,Y,18,0.1,0.35,0.2,160
1604,98,7,35,Y,10,0.1,0.35,0.2,160
1605,99,10,50,Y,21,0.1,0.35,0.2,160
1606,0,16,80,Y,64,0.1,0.35,0.25,25
1607,1,5,25,Y,8,0.1,0.35,0.25,25
1608,2,6,30,Y,9,0.1,0.35,0.25,25
1609,3,5,25,N,26,0.1,0.35,0.25,31
1610,4,8,40,Y,25,0.1,0.35,0.25,36
1611,5,12,60,Y,24,0.1,0.35,0.25,41
1612,6,7,35,Y,10,0.1,0.35,0.25,43
1613,7,5,25,N,26,0.1,0.35,0.25,51
1614,8,5,25,Y,21,0.1,0.35,0.25,51
1615,9,5,25,Y,10,0.1,0.35,0.25,54
1616,10,13,65,Y,54,0.1,0.35,0.25,64
1617,11,9,45,Y,19,0.1,0.35,0.25,65
1618,12,9,45,Y,33,0.1,0.35,0.25,68
1619,13,16,80,Y,45,0.1,0.35,0.25,73
1620,14,9,45,Y,18,0.1,0.35,0.25,73
1621,15,10,50,Y,24,0.1,0.35,0.25,74
1622,16,5,25,Y,7,0.1,0.35,0.25,74
1623,17,13,65,Y,25,0.1,0.35,0.25,75
1624,18,10,50,Y,14,0.1,0.35,0.25,75
1625,19,9,45,Y,15,0.1,0.35,0.25,75
1626,20,9,45,Y,21,0.1,0.35,0.25,75
1627,21,9,45,Y,11,0.1,0.35,0.25,75
1628,22,17,85,Y,21,0.1,0.35,0.25,77
1629,23,10,50,Y,36,0.1,0.35,0.25,79
1630,24,8,40,Y,15,0.1,0.35,0.25,79
1631,25,15,75,Y,28,0.1,0.35,0.25,79
1632,26,8,40,Y,12,0.1,0.35,0.25,80
1633,27,12,60,Y,25,0.1,0.35,0.25,81
1634,28,7,35,Y,12,0.1,0.35,0.25,83
1635,29,15,75,Y,24,0.1,0.35,0.25,87
1636,30,5,25,Y,5,0.1,0.35,0.25,87
1637,31,6,30,Y,10,0.1,0.35,0.25,88
1638,32,14,70,Y,26,0.1,0.35,0.25,88
1639,33,10,50,Y,18,0.1,0.35,0.25,89
1640,34,4,20,Y,6,0.1,0.35,0.25,89
1641,35,6,30,Y,9,0.1,0.35,0.25,91
1642,36,4,20,Y,6,0.1,0.35,0.25,91
1643,37,8,40,Y,18,0.1,0.35,0.25,91
1644,38,17,85,Y,33,0.1,0.35,0.25,91
1645,39,11,55,Y,27,0.1,0.35,0.25,93
1646,40,9,45,Y,18,0.1,0.35,0.25,93
1647,41,6,30,Y,17,0.1,0.35,0.25,93
1648,42,4,20,Y,6,0.1,0.35,0.25,93
1649,43,7,35,Y,24,0.1,0.35,0.25,94
1650,44,12,60,Y,30,0.1,0.35,0.25,96
1651,45,6,30,Y,12,0.1,0.35,0.25,97
1652,46,14,70,Y,43,0.1,0.35,0.25,97
1653,47,12,60,Y,34,0.1,0.35,0.25,102
1654,48,10,50,Y,19,0.1,0.35,0.25,102
1655,49,4,20,Y,3,0.1,0.35,0.25,102
1656,50,6,30,Y,29,0.1,0.35,0.25,103
1657,51,5,25,Y,24,0.1,0.35,0.25,104
1658,52,19,95,Y,47,0.1,0.35,0.25,105
1659,53,4,20,Y,9,0.1,0.35,0.25,106
1660,54,4,20,Y,7,0.1,0.35,0.25,106
1661,55,13,65,Y,40,0.1,0.35,0.25,107
1662,56,7,35,Y,21,0.1,0.35,0.25,109
1663,57,5,25,Y,19,0.1,0.35,0.25,109
1664,58,6,30,Y,9,0.1,0.35,0.25,109
1665,59,7,35,Y,15,0.1,0.35,0.25,110
1666,60,5,25,Y,9,0.1,0.35,0.25,113
1667,61,5,25,Y,16,0.1,0.35,0.25,113
1668,62,11,55,Y,23,0.1,0.35,0.25,113
1669,63,9,45,Y,13,0.1,0.35,0.25,114
1670,64,19,95,Y,34,0.1,0.35,0.25,114
1671,65,7,35,Y,28,0.1,0.35,0.25,115
1672,66,12,60,Y,27,0.1,0.35,0.25,117
1673,67,7,35,Y,9,0.1,0.35,0.25,117
1674,68,12,60,Y,20,0.1,0.35,0.25,118
1675,69,19,95,Y,36,0.1,0.35,0.25,118
1676,70,8,40,Y,12,0.1,0.35,0.25,118
1677,71,4,20,Y,9,0.1,0.35,0.25,118
1678,72,14,70,Y,25,0.1,0.35,0.25,118
1679,73,15,75,Y,29,0.1,0.35,0.25,120
1680,74,13,65,Y,16,0.1,0.35,0.25,122
1681,75,6,30,Y,26,0.1,0.35,0.25,123
1682,76,13,65,Y,27,0.1,0.35,0.25,124
1683,77,14,70,Y,57,0.1,0.35,0.25,128
1684,78,11,55,Y,30,0.1,0.35,0.25,129
1685,79,10,50,Y,13,0.1,0.35,0.25,129
1686,80,13,65,Y,57,0.1,0.35,0.25,131
1687,81,10,50,N,51,0.1,0.35,0.25,132
1688,82,11,55,Y,27,0.1,0.35,0.25,133
1689,83,11,55,Y,18,0.1,0.35,0.25,133
1690,84,9,45,Y,29,0.1,0.35,0.25,133
1691,85,4,20,Y,7,0.1,0.35,0.25,133
1692,86,6,30,Y,8,0.1,0.35,0.25,133
1693,87,19,95,Y,59,0.1,0.35,0.25,136
1694,88,6,30,Y,10,0.1,0.35,0.25,137
1695,89,16,80,Y,36,0.1,0.35,0.25,138
1696,90,5,25,Y,8,0.1,0.35,0.25,138
1697,91,17,85,Y,43,0.1,0.35,0.25,138
1698,92,19,95,Y,56,0.1,0.35,0.25,140
1699,93,6,30,Y,13,0.1,0.35,0.25,141
1700,94,7,35,Y,19,0.1,0.35,0.25,143
1701,95,5,25,Y,7,0.1,0.35,0.25,143
1702,96,10,50,Y,45,0.1,0.35,0.25,144
1703,97,7,35,Y,12,0.1,0.35,0.25,144
1704,98,6,30,Y,10,0.1,0.35,0.25,144
1705,99,12,60,Y,30,0.1,0.35,0.25,144
1706,0,7,35,Y,31,0.1,0.35,0.3,18
1707,1,16,80,Y,54,0.1,0.35,0.3,23
1708,2,6,30,Y,21,0.1,0.35,0.3,29
1709,3,11,55,Y,21,0.1,0.35,0.3,29
1710,4,12,60,Y,24,0.1,0.35,0.3,31
1711,5,10,50,Y,18,0.1,0.35,0.3,33
1712,6,14,70,Y,34,0.1,0.35,0.3,35
1713,7,5,25,Y,9,0.1,0.35,0.3,35
1714,8,5,25,Y,6,0.1,0.35,0.3,36
1715,9,7,35,Y,15,0.1,0.35,0.3,36
1716,10,6,30,Y,23,0.1,0.35,0.3,42
1717,11,4,20,Y,15,0.1,0.35,0.3,45
1718,12,12,60,Y,31,0.1,0.35,0.3,47
1719,13,17,85,Y,49,0.1,0.35,0.3,53
1720,14,9,45,Y,21,0.1,0.35,0.3,54
1721,15,6,30,Y,10,0.1,0.35,0.3,54
1722,16,17,85,Y,45,0.1,0.35,0.3,55
1723,17,9,45,Y,18,0.1,0.35,0.3,55
1724,18,10,50,Y,13,0.1,0.35,0.3,56
1725,19,4,20,Y,8,0.1,0.35,0.3,56
1726,20,10,50,Y,18,0.1,0.35,0.3,56
1727,21,9,45,Y,20,0.1,0.35,0.3,57
1728,22,4,20,Y,12,0.1,0.35,0.3,57
1729,23,6,30,N,31,0.1,0.35,0.3,62
1730,24,16,80,Y,31,0.1,0.35,0.3,65
1731,25,4,20,Y,15,0.1,0.35,0.3,68
1732,26,4,20,Y,7,0.1,0.35,0.3,68
1733,27,6,30,Y,12,0.1,0.35,0.3,68
1734,28,4,20,Y,8,0.1,0.35,0.3,68
1735,29,8,40,Y,21,0.1,0.35,0.3,70
1736,30,6,30,Y,9,0.1,0.35,0.3,71
1737,31,8,40,Y,21,0.1,0.35,0.3,75
1738,32,9,45,Y,36,0.1,0.35,0.3,76
1739,33,6,30,Y,12,0.1,0.35,0.3,77
1740,34,22,110,Y,36,0.1,0.35,0.3,78
1741,35,11,55,Y,41,0.1,0.35,0.3,82
1742,36,6,30,Y,12,0.1,0.35,0.3,84
1743,37,17,85,Y,39,0.1,0.35,0.3,85
1744,38,17,85,Y,35,0.1,0.35,0.3,86
1745,39,9,45,Y,21,0.1,0.35,0.3,86
1746,40,16,80,Y,33,0.1,0.35,0.3,87
1747,41,13,65,Y,42,0.1,0.35,0.3,88
1748,42,6,30,Y,10,0.1,0.35,0.3,88
1749,43,12,60,Y,28,0.1,0.35,0.3,88
1750,44,10,50,Y,24,0.1,0.35,0.3,88
1751,45,12,60,Y,19,0.1,0.35,0.3,89
1752,46,13,65,Y,64,0.1,0.35,0.3,94
1753,47,12,60,Y,25,0.1,0.35,0.3,95
1754,48,4,20,Y,4,0.1,0.35,0.3,95
1755,49,5,25,Y,9,0.1,0.35,0.3,95
1756,50,7,35,Y,15,0.1,0.35,0.3,95
1757,51,13,65,Y,27,0.1,0.35,0.3,95
1758,52,5,25,Y,9,0.1,0.35,0.3,95
1759,53,4,20,Y,5,0.1,0.35,0.3,95
1760,54,13,65,Y,22,0.1,0.35,0.3,96
1761,55,13,65,Y,37,0.1,0.35,0.3,96
1762,56,4,20,Y,5,0.1,0.35,0.3,96
1763,57,12,60,Y,30,0.1,0.35,0.3,96
1764,58,7,35,Y,12,0.1,0.35,0.3,96
1765,59,14,70,Y,41,0.1,0.35,0.3,99
1766,60,10,50,Y,21,0.1,0.35,0.3,100
1767,61,13,65,Y,35,0.1,0.35,0.3,100
1768,62,7,35,Y,9,0.1,0.35,0.3,102
1769,63,4,20,Y,5,0.1,0.35,0.3,102
1770,64,18,90,Y,36,0.1,0.35,0.3,104
1771,65,12,60,Y,43,0.1,0.35,0.3,104
1772,66,12,60,Y,45,0.1,0.35,0.3,104
1773,67,10,50,Y,18,0.1,0.35,0.3,104
1774,68,11,55,N,56,0.1,0.35,0.3,106
1775,69,7,35,Y,9,0.1,0.35,0.3,106
1776,70,6,30,Y,12,0.1,0.35,0.3,106
1777,71,13,65,Y,24,0.1,0.35,0.3,106
1778,72,12,60,Y,31,0.1,0.35,0.3,107
1779,73,5,25,Y,9,0.1,0.35,0.3,107
1780,74,19,95,Y,69,0.1,0.35,0.3,111
1781,75,12,60,Y,26,0.1,0.35,0.3,111
1782,76,16,80,Y,30,0.1,0.35,0.3,112
1783,77,10,50,Y,15,0.1,0.35,0.3,112
1784,78,13,65,Y,21,0.1,0.35,0.3,112
1785,79,16,80,Y,37,0.1,0.35,0.3,115
1786,80,18,90,Y,35,0.1,0.35,0.3,116
1787,81,16,80,Y,34,0.1,0.35,0.3,116
1788,82,13,65,Y,26,0.1,0.35,0.3,116
1789,83,4,20,Y,6,0.1,0.35,0.3,116
1790,84,15,75,N,76,0.1,0.35,0.3,117
1791,85,6,30,Y,10,0.1,0.35,0.3,117
1792,86,4,20,Y,6,0.1,0.35,0.3,117
1793,87,18,90,Y,2,0.1,0.35,0.3,117
1794,88,4,20,Y,15,0.1,0.35,0.3,117
1795,89,15,75,Y,57,0.1,0.35,0.3,120
1796,90,5,25,Y,9,0.1,0.35,0.3,120
1797,91,7,35,Y,15,0.1,0.35,0.3,120
1798,92,9,45,Y,24,0.1,0.35,0.3,121
1799,93,10,50,Y,30,0.1,0.35,0.3,121
1800,94,4,20,Y,9,0.1,0.35,0.3,121
1801,95,15,75,Y,30,0.1,0.35,0.3,121
1802,96,9,45,Y,29,0.1,0.35,0.3,121
1803,97,8,40,Y,15,0.1,0.35,0.3,121
1804,98,10,50,Y,36,0.1,0.35,0.3,121
1805,99,18,90,Y,31,0.1,0.35,0.3,121
1806,0,7,35,N,36,0.1,0.35,0.35,20
1807,1,11,55,Y,45,0.1,0.35,0.35,27
1808,2,4,20,Y,7,0.1,0.35,0.35,29
1809,3,5,25,Y,10,0.1,0.35,0.35,33
1810,4,13,65,Y,33,0.1,0.35,0.35,37
1811,5,4,20,N,21,0.1,0.35,0.35,37
1812,6,15,75,Y,57,0.1,0.35,0.35,45
1813,7,10,50,Y,15,0.1,0.35,0.35,46
1814,8,7,35,Y,26,0.1,0.35,0.35,46
1815,9,6,30,Y,11,0.1,0.35,0.35,47
1816,10,10,50,Y,23,0.1,0.35,0.35,47
1817,11,12,60,Y,54,0.1,0.35,0.35,52
1818,12,15,75,Y,30,0.1,0.35,0.35,52
1819,13,10,50,Y,29,0.1,0.35,0.35,57
1820,14,13,65,N,66,0.1,0.35,0.35,60
1821,15,4,20,Y,6,0.1,0.35,0.35,60
1822,16,8,40,Y,24,0.1,0.35,0.35,61
1823,17,23,115,Y,45,0.1,0.35,0.35,66
1824,18,9,45,Y,21,0.1,0.35,0.35,68
1825,19,6,30,N,31,0.1,0.35,0.35,69
1826,20,12,60,Y,43,0.1,0.35,0.35,75
1827,21,8,40,Y,30,0.1,0.35,0.35,75
1828,22,17,85,Y,40,0.1,0.35,0.35,82
1829,23,15,75,Y,33,0.1,0.35,0.35,84
1830,24,7,35,Y,18,0.1,0.35,0.35,84
1831,25,10,50,Y,20,0.1,0.35,0.35,87
1832,26,12,60,Y,36,0.1,0.35,0.35,87
1833,27,19,95,Y,39,0.1,0.35,0.35,88
1834,28,5,25,Y,7,0.1,0.35,0.35,88
1835,29,7,35,Y,9,0.1,0.35,0.35,88
1836,30,16,80,Y,39,0.1,0.35,0.35,89
1837,31,7,35,Y,28,0.1,0.35,0.35,90
1838,32,19,95,Y,30,0.1,0.35,0.35,90
1839,33,14,70,Y,45,0.1,0.35,0.35,93
1840,34,8,40,Y,17,0.1,0.35,0.35,93
1841,35,13,65,Y,33,0.1,0.35,0.35,95
1842,36,12,60,Y,19,0.1,0.35,0.35,95
1843,37,6,30,Y,7,0.1,0.35,0.35,95
1844,38,15,75,Y,23,0.1,0.35,0.35,96
1845,39,11,55,Y,20,0.1,0.35,0.35,96
1846,40,10,50,Y,28,0.1,0.35,0.35,99
1847,41,5,25,Y,6,0.1,0.35,0.35,99
1848,42,10,50,Y,34,0.1,0.35,0.35,103
1849,43,6,30,Y,17,0.1,0.35,0.35,103
1850,44,6,30,Y,12,0.1,0.35,0.35,103
1851,45,6,30,Y,6,0.1,0.35,0.35,103
1852,46,13,65,Y,18,0.1,0.35,0.35,103
1853,47,7,35,Y,18,0.1,0.35,0.35,104
1854,48,7,35,Y,20,0.1,0.35,0.35,105
1855,49,11,55,Y,54,0.1,0.35,0.35,107
1856,50,6,30,N,31,0.1,0.35,0.35,110
1857,51,9,45,N,46,0.1,0.35,0.35,114
1858,52,13,65,Y,29,0.1,0.35,0.35,114
1859,53,5,25,Y,7,0.1,0.35,0.35,114
1860,54,10,50,Y,30,0.1,0.35,0.35,118
1861,55,4,20,Y,6,0.1,0.35,0.35,118
1862,56,5,25,Y,10,0.1,0.35,0.35,118
1863,57,9,45,Y,19,0.1,0.35,0.35,118
1864,58,14,70,Y,38,0.1,0.35,0.35,118
1865,59,6,30,Y,16,0.1,0.35,0.35,118
1866,60,10,50,Y,40,0.1,0.35,0.35,119
1867,61,8,40,Y,22,0.1,0.35,0.35,121
1868,62,5,25,N,26,0.1,0.35,0.35,123
1869,63,11,55,Y,35,0.1,0.35,0.35,124
1870,64,7,35,Y,12,0.1,0.35,0.35,124
1871,65,6,30,Y,12,0.1,0.35,0.35,124
1872,66,7,35,Y,15,0.1,0.35,0.35,124
1873,67,9,45,Y,18,0.1,0.35,0.35,125
1874,68,7,35,Y,8,0.1,0.35,0.35,125
1875,69,4,20,Y,7,0.1,0.35,0.35,125
1876,70,19,95,Y,40,0.1,0.35,0.35,125
1877,71,7,35,Y,24,0.1,0.35,0.35,125
1878,72,10,50,Y,25,0.1,0.35,0.35,125
1879,73,10,50,Y,19,0.1,0.35,0.35,125
1880,74,7,35,Y,30,0.1,0.35,0.35,126
1881,75,7,35,Y,29,0.1,0.35,0.35,126
1882,76,11,55,Y,21,0.1,0.35,0.35,127
1883,77,7,35,Y,15,0.1,0.35,0.35,128
1884,78,7,35,Y,7,0.1,0.35,0.35,128
1885,79,15,75,Y,33,0.1,0.35,0.35,131
1886,80,5,25,Y,12,0.1,0.35,0.35,132
1887,81,7,35,Y,13,0.1,0.35,0.35,132
1888,82,7,35,Y,13,0.1,0.35,0.35,132
1889,83,5,25,Y,14,0.1,0.35,0.35,132
1890,84,9,45,Y,24,0.1,0.35,0.35,132
1891,85,4,20,Y,5,0.1,0.35,0.35,132
1892,86,6,30,Y,21,0.1,0.35,0.35,133
1893,87,10,50,N,51,0.1,0.35,0.35,133
1894,88,17,85,Y,30,0.1,0.35,0.35,135
1895,89,5,25,Y,7,0.1,0.35,0.35,135
1896,90,9,45,Y,40,0.1,0.35,0.35,137
1897,91,4,20,Y,3,0.1,0.35,0.35,137
1898,92,16,80,Y,36,0.1,0.35,0.35,138
1899,93,10,50,Y,37,0.1,0.35,0.35,138
1900,94,7,35,Y,18,0.1,0.35,0.35,138
1901,95,12,60,Y,25,0.1,0.35,0.35,138
1902,96,10,50,Y,24,0.1,0.35,0.35,139
1903,97,13,65,Y,32,0.1,0.35,0.35,141
1904,98,13,65,Y,25,0.1,0.35,0.35,142
1905,99,12,60,Y,52,0.1,0.35,0.35,142
1906,0,9,45,N,46,0.1,0.35,0.4,21
1907,1,5,25,Y,13,0.1,0.35,0.4,24
1908,2,4,20,Y,18,0.1,0.35,0.4,26
1909,3,11,55,Y,27,0.1,0.35,0.4,29
1910,4,11,55,Y,39,0.1,0.35,0.4,34
1911,5,7,35,Y,32,0.1,0.35,0.4,37
1912,6,11,55,Y,15,0.1,0.35,0.4,37
1913,7,18,90,Y,56,0.1,0.35,0.4,41
1914,8,4,20,N,21,0.1,0.35,0.4,48
1915,9,7,35,Y,21,0.1,0.35,0.4,51
1916,10,4,20,Y,6,0.1,0.35,0.4,53
1917,11,19,95,Y,52,0.1,0.35,0.4,61
1918,12,11,55,N,56,0.1,0.35,0.4,68
1919,13,12,60,Y,57,0.1,0.35,0.4,73
1920,14,13,65,Y,31,0.1,0.35,0.4,74
1921,15,10,50,Y,26,0.1,0.35,0.4,77
1922,16,11,55,Y,36,0.1,0.35,0.4,79
1923,17,4,20,N,21,0.1,0.35,0.4,84
1924,18,15,75,Y,41,0.1,0.35,0.4,85
1925,19,8,40,Y,17,0.1,0.35,0.4,85
1926,20,10,50,Y,40,0.1,0.35,0.4,86
1927,21,10,50,Y,11,0.1,0.35,0.4,87
1928,22,8,40,Y,25,0.1,0.35,0.4,90
1929,23,13,65,Y,34,0.1,0.35,0.4,91
1930,24,10,50,N,51,0.1,0.35,0.4,92
1931,25,11,55,Y,20,0.1,0.35,0.4,93
1932,26,5,25,Y,10,0.1,0.35,0.4,93
1933,27,19,95,Y,10,0.1,0.35,0.4,95
1934,28,10,50,Y,21,0.1,0.35,0.4,95
1935,29,8,40,Y,27,0.1,0.35,0.4,97
1936,30,11,55,Y,21,0.1,0.35,0.4,97
1937,31,6,30,Y,12,0.1,0.35,0.4,97
1938,32,11,55,Y,36,0.1,0.35,0.4,99
1939,33,11,55,Y,15,0.1,0.35,0.4,99
1940,34,15,75,Y,75,0.1,0.35,0.4,100
1941,34,15,75,N,76,0.1,0.35,0.4,100
1942,35,7,35,Y,18,0.1,0.35,0.4,103
1943,36,5,25,Y,4,0.1,0.35,0.4,103
1944,37,11,55,Y,38,0.1,0.35,0.4,105
1945,38,11,55,Y,32,0.1,0.35,0.4,107
1946,39,7,35,Y,11,0.1,0.35,0.4,107
1947,40,20,100,Y,21,0.1,0.35,0.4,107
1948,41,11,55,Y,55,0.1,0.35,0.4,108
1949,41,11,55,N,56,0.1,0.35,0.4,108
1950,42,10,50,Y,14,0.1,0.35,0.4,108
1951,43,4,20,Y,9,0.1,0.35,0.4,108
1952,44,13,65,Y,21,0.1,0.35,0.4,108
1953,45,10,50,Y,16,0.1,0.35,0.4,108
1954,46,11,55,Y,45,0.1,0.35,0.4,110
1955,47,12,60,Y,31,0.1,0.35,0.4,112
1956,48,11,55,Y,26,0.1,0.35,0.4,114
1957,49,9,45,Y,21,0.1,0.35,0.4,114
1958,50,5,25,Y,15,0.1,0.35,0.4,114
1959,51,10,50,Y,15,0.1,0.35,0.4,114
1960,52,8,40,Y,9,0.1,0.35,0.4,114
1961,53,12,60,Y,25,0.1,0.35,0.4,114
1962,54,9,45,Y,18,0.1,0.35,0.4,115
1963,55,4,20,Y,8,0.1,0.35,0.4,115
1964,56,4,20,Y,5,0.1,0.35,0.4,115
1965,57,16,80,Y,21,0.1,0.35,0.4,116
1966,58,11,55,Y,18,0.1,0.35,0.4,117
1967,59,9,45,Y,21,0.1,0.35,0.4,117
1968,60,4,20,Y,7,0.1,0.35,0.4,117
1969,61,11,55,Y,33,0.1,0.35,0.4,118
1970,62,7,35,Y,18,0.1,0.35,0.4,118
1971,63,10,50,Y,34,0.1,0.35,0.4,120
1972,64,9,45,N,46,0.1,0.35,0.4,121
1973,65,4,20,Y,16,0.1,0.35,0.4,121
1974,66,15,75,Y,44,0.1,0.35,0.4,123
1975,67,6,30,N,31,0.1,0.35,0.4,124
1976,68,4,20,Y,5,0.1,0.35,0.4,124
1977,69,12,60,Y,38,0.1,0.35,0.4,125
1978,70,13,65,Y,45,0.1,0.35,0.4,126
1979,71,17,85,Y,43,0.1,0.35,0.4,130
1980,72,5,25,Y,10,0.1,0.35,0.4,130
1981,73,5,25,Y,6,0.1,0.35,0.4,130
1982,74,10,50,N,51,0.1,0.35,0.4,133
1983,75,13,65,Y,34,0.1,0.35,0.4,135
1984,76,5,25,N,26,0.1,0.35,0.4,137
1985,77,11,55,Y,22,0.1,0.35,0.4,138
1986,78,6,30,Y,15,0.1,0.35,0.4,138
1987,79,9,45,Y,33,0.1,0.35,0.4,138
1988,80,10,50,Y,18,0.1,0.35,0.4,138
1989,81,12,60,Y,30,0.1,0.35,0.4,139
1990,82,16,80,Y,39,0.1,0.35,0.4,139
1991,83,7,35,Y,11,0.1,0.35,0.4,139
1992,84,11,55,Y,18,0.1,0.35,0.4,140
1993,85,4,20,Y,7,0.1,0.35,0.4,141
1994,86,13,65,Y,36,0.1,0.35,0.4,143
1995,87,5,25,Y,22,0.1,0.35,0.4,145
1996,88,14,70,Y,29,0.1,0.35,0.4,147
1997,89,5,25,Y,12,0.1,0.35,0.4,147
1998,90,12,60,Y,24,0.1,0.35,0.4,147
1999,91,15,75,Y,27,0.1,0.35,0.4,147
2000,92,5,25,Y,5,0.1,0.35,0.4,147
2001,93,4,20,Y,9,0.1,0.35,0.4,147
2002,94,5,25,Y,13,0.1,0.35,0.4,148
2003,95,8,40,Y,12,0.1,0.35,0.4,148
2004,96,5,25,Y,10,0.1,0.35,0.4,148
2005,97,13,65,Y,33,0.1,0.35,0.4,148
2006,98,12,60,Y,28,0.1,0.35,0.4,149
2007,99,8,40,Y,19,0.1,0.35,0.4,150
2008,0,15,75,Y,43,0.1,0.4,0.2,23
2009,1,7,35,Y,28,0.1,0.4,0.2,28
2010,2,10,50,Y,28,0.1,0.4,0.2,30
2011,3,13,65,Y,34,0.1,0.4,0.2,33
2012,4,7,35,Y,8,0.1,0.4,0.2,34
2013,5,5,25,Y,4,0.1,0.4,0.2,34
2014,6,5,25,Y,7,0.1,0.4,0.2,34
2015,7,7,35,Y,32,0.1,0.4,0.2,39
2016,8,8,40,Y,13,0.1,0.4,0.2,40
2017,9,8,40,Y,15,0.1,0.4,0.2,43
2018,10,19,95,Y,10,0.1,0.4,0.2,43
2019,11,9,45,Y,15,0.1,0.4,0.2,43
2020,12,9,45,Y,8,0.1,0.4,0.2,43
2021,13,5,25,Y,12,0.1,0.4,0.2,43
2022,14,6,30,Y,21,0.1,0.4,0.2,46
2023,15,7,35,Y,12,0.1,0.4,0.2,46
2024,16,9,45,Y,19,0.1,0.4,0.2,48
2025,17,12,60,Y,33,0.1,0.4,0.2,49
2026,18,12,60,Y,44,0.1,0.4,0.2,53
2027,19,18,90,Y,63,0.1,0.4,0.2,56
2028,20,5,25,Y,4,0.1,0.4,0.2,56
2029,21,8,40,Y,38,0.1,0.4,0.2,60
2030,22,6,30,Y,21,0.1,0.4,0.2,63
2031,23,15,75,Y,48,0.1,0.4,0.2,64
2032,24,5,25,Y,7,0.1,0.4,0.2,64
2033,25,6,30,Y,9,0.1,0.4,0.2,66
2034,26,15,75,Y,58,0.1,0.4,0.2,74
2035,27,7,35,Y,17,0.1,0.4,0.2,75
2036,28,9,45,Y,16,0.1,0.4,0.2,76
2037,29,8,40,Y,12,0.1,0.4,0.2,76
2038,30,12,60,Y,24,0.1,0.4,0.2,80
2039,31,14,70,Y,48,0.1,0.4,0.2,81
2040,32,4,20,Y,10,0.1,0.4,0.2,83
2041,33,5,25,Y,9,0.1,0.4,0.2,86
2042,34,8,40,Y,11,0.1,0.4,0.2,86
2043,35,4,20,Y,6,0.1,0.4,0.2,87
2044,36,7,35,Y,18,0.1,0.4,0.2,91
2045,37,9,45,Y,34,0.1,0.4,0.2,92
2046,38,10,50,Y,29,0.1,0.4,0.2,96
2047,39,15,75,Y,37,0.1,0.4,0.2,99
2048,40,5,25,Y,15,0.1,0.4,0.2,99
2049,41,4,20,Y,10,0.1,0.4,0.2,99
2050,42,13,65,Y,24,0.1,0.4,0.2,99
2051,43,4,20,N,21,0.1,0.4,0.2,101
2052,44,11,55,Y,35,0.1,0.4,0.2,102
2053,45,5,25,Y,4,0.1,0.4,0.2,103
2054,46,10,50,Y,22,0.1,0.4,0.2,104
2055,47,11,55,Y,17,0.1,0.4,0.2,104
2056,48,5,25,Y,9,0.1,0.4,0.2,104
2057,49,14,70,Y,41,0.1,0.4,0.2,104
2058,50,4,20,Y,6,0.1,0.4,0.2,104
2059,51,8,40,Y,14,0.1,0.4,0.2,104
2060,52,10,50,Y,40,0.1,0.4,0.2,105
2061,53,6,30,Y,5,0.1,0.4,0.2,105
2062,54,10,50,Y,18,0.1,0.4,0.2,105
2063,55,8,40,Y,19,0.1,0.4,0.2,106
2064,56,8,40,Y,18,0.1,0.4,0.2,106
2065,57,10,50,Y,25,0.1,0.4,0.2,108
2066,58,12,60,Y,24,0.1,0.4,0.2,108
2067,59,6,30,Y,8,0.1,0.4,0.2,108
2068,60,10,50,Y,21,0.1,0.4,0.2,109
2069,61,19,95,Y,37,0.1,0.4,0.2,113
2070,62,9,45,Y,24,0.1,0.4,0.2,113
2071,63,13,65,Y,26,0.1,0.4,0.2,113
2072,64,7,35,Y,21,0.1,0.4,0.2,114
2073,65,14,70,Y,27,0.1,0.4,0.2,114
2074,66,13,65,Y,23,0.1,0.4,0.2,114
2075,67,9,45,Y,14,0.1,0.4,0.2,114
2076,68,15,75,Y,39,0.1,0.4,0.2,116
2077,69,17,85,Y,36,0.1,0.4,0.2,118
2078,70,4,20,Y,6,0.1,0.4,0.2,118
2079,71,12,60,Y,24,0.1,0.4,0.2,118
2080,72,6,30,Y,9,0.1,0.4,0.2,118
2081,73,11,55,Y,18,0.1,0.4,0.2,118
2082,74,6,30,Y,20,0.1,0.4,0.2,118
2083,75,9,45,Y,22,0.1,0.4,0.2,120
2084,76,9,45,Y,12,0.1,0.4,0.2,121
2085,77,17,85,Y,39,0.1,0.4,0.2,122
2086,78,8,40,Y,12,0.1,0.4,0.2,123
2087,79,20,100,Y,56,0.1,0.4,0.2,125
2088,80,5,25,Y,12,0.1,0.4,0.2,125
2089,81,4,20,Y,6,0.1,0.4,0.2,125
2090,82,11,55,Y,21,0.1,0.4,0.2,125
2091,83,5,25,Y,13,0.1,0.4,0.2,126
2092,84,5,25,Y,5,0.1,0.4,0.2,126
2093,85,8,40,Y,33,0.1,0.4,0.2,126
2094,86,7,35,Y,14,0.1,0.4,0.2,126
2095,87,8,40,Y,12,0.1,0.4,0.2,126
2096,88,10,50,Y,13,0.1,0.4,0.2,126
2097,89,13,65,Y,22,0.1,0.4,0.2,127
2098,90,11,55,Y,24,0.1,0.4,0.2,128
2099,91,11,55,Y,25,0.1,0.4,0.2,129
2100,92,10,50,Y,40,0.1,0.4,0.2,132
2101,93,10,50,Y,21,0.1,0.4,0.2,133
2102,94,5,25,Y,15,0.1,0.4,0.2,134
2103,95,11,55,Y,23,0.1,0.4,0.2,134
2104,96,9,45,Y,15,0.1,0.4,0.2,134
2105,97,5,25,Y,6,0.1,0.4,0.2,134
2106,98,6,30,Y,22,0.1,0.4,0.2,135
2107,99,4,20,N,21,0.1,0.4,0.2,137
2108,0,6,30,N,31,0.1,0.4,0.25,19
2109,1,5,25,Y,7,0.1,0.4,0.25,19
2110,2,12,60,Y,34,0.1,0.4,0.25,25
2111,3,6,30,Y,12,0.1,0.4,0.25,26
2112,4,15,75,N,76,0.1,0.4,0.25,31
2113,5,10,50,Y,45,0.1,0.4,0.25,37
2114,6,6,30,Y,14,0.1,0.4,0.25,38
2115,7,10,50,Y,18,0.1,0.4,0.25,43
2116,8,9,45,Y,13,0.1,0.4,0.25,45
2117,9,18,90,Y,39,0.1,0.4,0.25,46
2118,10,4,20,Y,12,0.1,0.4,0.25,46
2119,11,5,25,Y,11,0.1,0.4,0.25,46
2120,12,6,30,Y,6,0.1,0.4,0.25,47
2121,13,6,30,Y,19,0.1,0.4,0.25,49
2122,14,12,60,Y,32,0.1,0.4,0.25,55
2123,15,12,60,Y,22,0.1,0.4,0.25,56
2124,16,13,65,Y,36,0.1,0.4,0.25,56
2125,17,14,70,Y,27,0.1,0.4,0.25,58
2126,18,14,70,Y,26,0.1,0.4,0.25,58
2127,19,14,70,Y,42,0.1,0.4,0.25,61
2128,20,7,35,Y,20,0.1,0.4,0.25,63
2129,21,8,40,Y,10,0.1,0.4,0.25,64
2130,22,8,40,Y,18,0.1,0.4,0.25,64
2131,23,9,45,Y,42,0.1,0.4,0.25,69
2132,24,6,30,Y,10,0.1,0.4,0.25,69
2133,25,8,40,Y,38,0.1,0.4,0.25,70
2134,26,5,25,Y,9,0.1,0.4,0.25,73
2135,27,4,20,Y,7,0.1,0.4,0.25,73
2136,28,12,60,Y,30,0.1,0.4,0.25,73
2137,29,5,25,Y,6,0.1,0.4,0.25,74
2138,30,4,20,Y,10,0.1,0.4,0.25,74
2139,31,4,20,Y,9,0.1,0.4,0.25,75
2140,32,11,55,Y,29,0.1,0.4,0.25,77
2141,33,10,50,Y,12,0.1,0.4,0.25,78
2142,34,11,55,Y,47,0.1,0.4,0.25,82
2143,35,11,55,Y,30,0.1,0.4,0.25,83
2144,36,18,90,Y,48,0.1,0.4,0.25,85
2145,37,5,25,Y,5,0.1,0.4,0.25,85
2146,38,14,70,Y,33,0.1,0.4,0.25,90
2147,39,11,55,Y,18,0.1,0.4,0.25,90
2148,40,6,30,Y,19,0.1,0.4,0.25,95
2149,41,9,45,Y,24,0.1,0.4,0.25,95
2150,42,9,45,Y,18,0.1,0.4,0.25,95
2151,43,6,30,Y,12,0.1,0.4,0.25,96
2152,44,7,35,Y,16,0.1,0.4,0.25,96
2153,45,20,100,Y,68,0.1,0.4,0.25,97
2154,46,16,80,Y,30,0.1,0.4,0.25,99
2155,47,6,30,Y,10,0.1,0.4,0.25,100
2156,48,4,20,Y,3,0.1,0.4,0.25,100
2157,49,11,55,Y,48,0.1,0.4,0.25,103
2158,50,17,85,Y,43,0.1,0.4,0.25,107
2159,51,10,50,Y,20,0.1,0.4,0.25,107
2160,52,7,35,Y,27,0.1,0.4,0.25,107
2161,53,13,65,Y,36,0.1,0.4,0.25,108
2162,54,5,25,N,26,0.1,0.4,0.25,109
2163,55,5,25,Y,7,0.1,0.4,0.25,109
2164,56,10,50,Y,18,0.1,0.4,0.25,110
2165,57,12,60,Y,29,0.1,0.4,0.25,112
2166,58,5,25,Y,18,0.1,0.4,0.25,115
2167,59,5,25,Y,7,0.1,0.4,0.25,115
2168,60,15,75,Y,29,0.1,0.4,0.25,116
2169,61,7,35,Y,11,0.1,0.4,0.25,116
2170,62,6,30,Y,6,0.1,0.4,0.25,116
2171,63,6,30,Y,27,0.1,0.4,0.25,117
2172,64,8,40,Y,18,0.1,0.4,0.25,117
2173,65,12,60,Y,33,0.1,0.4,0.25,118
2174,66,7,35,Y,15,0.1,0.4,0.25,118
2175,67,8,40,Y,15,0.1,0.4,0.25,118
2176,68,7,35,Y,10,0.1,0.4,0.25,118
2177,69,5,25,Y,5,0.1,0.4,0.25,119
2178,70,6,30,N,31,0.1,0.4,0.25,126
2179,71,6,30,Y,14,0.1,0.4,0.25,126
2180,72,5,25,Y,11,0.1,0.4,0.25,126
2181,73,4,20,Y,16,0.1,0.4,0.25,126
2182,74,14,70,Y,40,0.1,0.4,0.25,127
2183,75,4,20,Y,7,0.1,0.4,0.25,127
2184,76,8,40,Y,13,0.1,0.4,0.25,127
2185,77,5,25,Y,9,0.1,0.4,0.25,127
2186,78,6,30,Y,10,0.1,0.4,0.25,127
2187,79,12,60,Y,21,0.1,0.4,0.25,127
2188,80,8,40,Y,14,0.1,0.4,0.25,128
2189,81,10,50,Y,34,0.1,0.4,0.25,128
2190,82,15,75,Y,43,0.1,0.4,0.25,128
2191,83,9,45,Y,12,0.1,0.4,0.25,128
2192,84,14,70,Y,25,0.1,0.4,0.25,129
2193,85,14,70,Y,28,0.1,0.4,0.25,129
2194,86,5,25,Y,13,0.1,0.4,0.25,129
2195,87,7,35,N,36,0.1,0.4,0.25,129
2196,88,13,65,Y,10,0.1,0.4,0.25,130
2197,89,5,25,Y,12,0.1,0.4,0.25,130
2198,90,17,85,Y,42,0.1,0.4,0.25,130
2199,91,7,35,Y,16,0.1,0.4,0.25,131
2200,92,6,30,Y,8,0.1,0.4,0.25,132
2201,93,6,30,Y,11,0.1,0.4,0.25,132
2202,94,8,40,Y,12,0.1,0.4,0.25,132
2203,95,16,80,Y,51,0.1,0.4,0.25,133
2204,96,14,70,Y,20,0.1,0.4,0.25,133
2205,97,5,25,Y,11,0.1,0.4,0.25,133
2206,98,14,70,Y,31,0.1,0.4,0.25,133
2207,99,11,55,Y,27,0.1,0.4,0.25,134
2208,0,8,40,N,41,0.1,0.4,0.3,22
2209,1,5,25,Y,14,0.1,0.4,0.3,23
2210,2,6,30,Y,15,0.1,0.4,0.3,28
2211,3,4,20,Y,6,0.1,0.4,0.3,29
2212,4,14,70,Y,44,0.1,0.4,0.3,35
2213,5,6,30,Y,17,0.1,0.4,0.3,36
2214,6,5,25,Y,13,0.1,0.4,0.3,36
2215,7,11,55,N,56,0.1,0.4,0.3,45
2216,8,10,50,Y,29,0.1,0.4,0.3,49
2217,9,9,45,Y,20,0.1,0.4,0.3,51
2218,10,16,80,Y,39,0.1,0.4,0.3,58
2219,11,12,60,Y,26,0.1,0.4,0.3,61
2220,12,18,90,Y,81,0.1,0.4,0.3,70
2221,13,15,75,Y,49,0.1,0.4,0.3,77
2222,14,7,35,Y,27,0.1,0.4,0.3,83
2223,15,9,45,Y,21,0.1,0.4,0.3,83
2224,16,14,70,Y,33,0.1,0.4,0.3,84
2225,17,12,60,Y,55,0.1,0.4,0.3,88
2226,18,4,20,Y,15,0.1,0.4,0.3,90
2227,19,15,75,Y,4,0.1,0.4,0.3,90
2228,20,9,45,Y,21,0.1,0.4,0.3,91
2229,21,6,30,N,31,0.1,0.4,0.3,96
2230,22,18,90,Y,45,0.1,0.4,0.3,96
2231,23,5,25,N,26,0.1,0.4,0.3,98
2232,24,9,45,Y,24,0.1,0.4,0.3,100
2233,25,10,50,Y,34,0.1,0.4,0.3,105
2234,26,14,70,Y,39,0.1,0.4,0.3,108
2235,27,9,45,Y,13,0.1,0.4,0.3,108
2236,28,8,40,Y,15,0.1,0.4,0.3,110
2237,29,6,30,Y,21,0.1,0.4,0.3,112
2238,30,8,40,N,41,0.1,0.4,0.3,114
2239,31,5,25,Y,12,0.1,0.4,0.3,114
2240,32,14,70,Y,47,0.1,0.4,0.3,116
2241,33,5,25,Y,11,0.1,0.4,0.3,116
2242,34,9,45,Y,28,0.1,0.4,0.3,116
2243,35,9,45,Y,18,0.1,0.4,0.3,116
2244,36,11,55,Y,34,0.1,0.4,0.3,122
2245,37,11,55,Y,19,0.1,0.4,0.3,122
2246,38,10,50,Y,43,0.1,0.4,0.3,124
2247,39,6,30,Y,18,0.1,0.4,0.3,127
2248,40,10,50,Y,13,0.1,0.4,0.3,127
2249,41,11,55,Y,25,0.1,0.4,0.3,127
2250,42,8,40,Y,9,0.1,0.4,0.3,127
2251,43,7,35,Y,8,0.1,0.4,0.3,128
2252,44,7,35,N,36,0.1,0.4,0.3,129
2253,45,5,25,Y,4,0.1,0.4,0.3,129
2254,46,20,100,Y,13,0.1,0.4,0.3,132
2255,47,13,65,Y,32,0.1,0.4,0.3,133
2256,48,14,70,Y,37,0.1,0.4,0.3,136
2257,49,20,100,Y,9,0.1,0.4,0.3,136
2258,50,11,55,Y,19,0.1,0.4,0.3,137
2259,51,8,40,Y,15,0.1,0.4,0.3,137
2260,52,15,75,Y,24,0.1,0.4,0.3,137
2261,53,4,20,Y,7,0.1,0.4,0.3,137
2262,54,6,30,Y,7,0.1,0.4,0.3,137
2263,55,17,85,Y,28,0.1,0.4,0.3,137
2264,56,6,30,Y,6,0.1,0.4,0.3,137
2265,57,7,35,Y,13,0.1,0.4,0.3,137
2266,58,8,40,Y,12,0.1,0.4,0.3,137
2267,59,6,30,Y,28,0.1,0.4,0.3,137
2268,60,10,50,Y,25,0.1,0.4,0.3,138
2269,61,5,25,Y,21,0.1,0.4,0.3,142
2270,62,11,55,Y,40,0.1,0.4,0.3,143
2271,63,15,75,Y,62,0.1,0.4,0.3,146
2272,64,14,70,Y,39,0.1,0.4,0.3,152
2273,65,12,60,Y,25,0.1,0.4,0.3,155
2274,66,14,70,Y,48,0.1,0.4,0.3,157
2275,67,9,45,Y,23,0.1,0.4,0.3,157
2276,68,7,35,N,36,0.1,0.4,0.3,159
2277,69,13,65,Y,45,0.1,0.4,0.3,160
2278,70,7,35,Y,21,0.1,0.4,0.3,160
2279,71,11,55,Y,27,0.1,0.4,0.3,160
2280,72,4,20,N,21,0.1,0.4,0.3,160
2281,73,8,40,Y,16,0.1,0.4,0.3,160
2282,74,12,60,Y,25,0.1,0.4,0.3,160
2283,75,6,30,Y,15,0.1,0.4,0.3,160
2284,76,4,20,Y,3,0.1,0.4,0.3,160
2285,77,9,45,Y,21,0.1,0.4,0.3,160
2286,78,13,65,Y,23,0.1,0.4,0.3,160
2287,79,6,30,Y,12,0.1,0.4,0.3,160
2288,80,11,55,Y,23,0.1,0.4,0.3,160
2289,81,7,35,Y,10,0.1,0.4,0.3,160
2290,82,14,70,Y,26,0.1,0.4,0.3,160
2291,83,4,20,Y,8,0.1,0.4,0.3,161
2292,84,18,90,Y,45,0.1,0.4,0.3,162
2293,85,4,20,Y,13,0.1,0.4,0.3,162
2294,86,4,20,Y,9,0.1,0.4,0.3,162
2295,87,10,50,Y,22,0.1,0.4,0.3,163
2296,88,19,95,Y,11,0.1,0.4,0.3,163
2297,89,15,75,Y,45,0.1,0.4,0.3,164
2298,90,6,30,Y,15,0.1,0.4,0.3,164
2299,91,12,60,Y,43,0.1,0.4,0.3,165
2300,92,9,45,Y,33,0.1,0.4,0.3,165
2301,93,15,75,Y,72,0.1,0.4,0.3,167
2302,94,10,50,Y,26,0.1,0.4,0.3,167
2303,95,10,50,Y,39,0.1,0.4,0.3,168
2304,96,6,30,Y,12,0.1,0.4,0.3,168
2305,97,11,55,Y,20,0.1,0.4,0.3,168
2306,98,16,80,Y,58,0.1,0.4,0.3,170
2307,99,6,30,Y,17,0.1,0.4,0.3,170
2308,0,7,35,Y,7,0.1,0.4,0.35,6
2309,1,8,40,Y,31,0.1,0.4,0.35,18
2310,2,7,35,Y,24,0.1,0.4,0.35,25
2311,3,10,50,Y,30,0.1,0.4,0.35,29
2312,4,4,20,Y,17,0.1,0.4,0.35,31
2313,5,9,45,Y,14,0.1,0.4,0.35,31
2314,6,8,40,Y,15,0.1,0.4,0.35,31
2315,7,11,55,Y,36,0.1,0.4,0.35,36
2316,8,10,50,Y,16,0.1,0.4,0.35,37
2317,9,9,45,Y,16,0.1,0.4,0.35,38
2318,10,7,35,N,36,0.1,0.4,0.35,47
2319,11,4,20,Y,8,0.1,0.4,0.35,47
2320,12,5,25,N,26,0.1,0.4,0.35,55
2321,13,12,60,Y,27,0.1,0.4,0.35,57
2322,14,11,55,Y,17,0.1,0.4,0.35,58
2323,15,9,45,Y,18,0.1,0.4,0.35,60
2324,16,7,35,Y,21,0.1,0.4,0.35,60
2325,17,10,50,Y,17,0.1,0.4,0.35,60
2326,18,5,25,Y,7,0.1,0.4,0.35,60
2327,19,11,55,Y,15,0.1,0.4,0.35,60
2328,20,6,30,Y,12,0.1,0.4,0.35,60
2329,21,7,35,Y,15,0.1,0.4,0.35,62
2330,22,6,30,Y,14,0.1,0.4,0.35,62
2331,23,14,70,Y,24,0.1,0.4,0.35,62
2332,24,10,50,Y,18,0.1,0.4,0.35,63
2333,25,5,25,Y,6,0.1,0.4,0.35,63
2334,26,9,45,Y,33,0.1,0.4,0.35,65
2335,27,10,50,Y,22,0.1,0.4,0.35,67
2336,28,12,60,Y,55,0.1,0.4,0.35,72
2337,29,8,40,Y,15,0.1,0.4,0.35,72
2338,30,8,40,Y,10,0.1,0.4,0.35,72
2339,31,16,80,Y,43,0.1,0.4,0.35,73
2340,32,4,20,Y,6,0.1,0.4,0.35,73
2341,33,4,20,Y,4,0.1,0.4,0.35,73
2342,34,5,25,Y,7,0.1,0.4,0.35,73
2343,35,22,110,Y,66,0.1,0.4,0.35,81
2344,36,4,20,Y,7,0.1,0.4,0.35,81
2345,37,9,45,Y,27,0.1,0.4,0.35,83
2346,38,4,20,Y,8,0.1,0.4,0.35,83
2347,39,9,45,Y,21,0.1,0.4,0.35,84
2348,40,12,60,Y,21,0.1,0.4,0.35,85
2349,41,17,85,Y,54,0.1,0.4,0.35,85
2350,42,4,20,Y,8,0.1,0.4,0.35,85
2351,43,9,45,Y,20,0.1,0.4,0.35,86
2352,44,4,20,Y,13,0.1,0.4,0.35,86
2353,45,7,35,Y,29,0.1,0.4,0.35,90
2354,46,6,30,Y,10,0.1,0.4,0.35,90
2355,47,4,20,Y,6,0.1,0.4,0.35,90
2356,48,19,95,Y,54,0.1,0.4,0.35,92
2357,49,18,90,Y,36,0.1,0.4,0.35,92
2358,50,10,50,Y,21,0.1,0.4,0.35,93
2359,51,13,65,Y,27,0.1,0.4,0.35,93
2360,52,12,60,Y,18,0.1,0.4,0.35,93
2361,53,8,40,Y,21,0.1,0.4,0.35,94
2362,54,4,20,Y,10,0.1,0.4,0.35,96
2363,55,8,40,Y,25,0.1,0.4,0.35,96
2364,56,11,55,Y,50,0.1,0.4,0.35,98
2365,57,7,35,Y,9,0.1,0.4,0.35,98
2366,58,6,30,Y,17,0.1,0.4,0.35,98
2367,59,4,20,Y,3,0.1,0.4,0.35,98
2368,60,5,25,Y,10,0.1,0.4,0.35,99
2369,61,4,20,Y,6,0.1,0.4,0.35,99
2370,62,4,20,Y,6,0.1,0.4,0.35,99
2371,63,15,75,Y,31,0.1,0.4,0.35,99
2372,64,11,55,Y,24,0.1,0.4,0.35,99
2373,65,13,65,Y,25,0.1,0.4,0.35,100
2374,66,9,45,Y,16,0.1,0.4,0.35,100
2375,67,5,25,Y,7,0.1,0.4,0.35,100
2376,68,4,20,Y,6,0.1,0.4,0.35,100
2377,69,4,20,Y,6,0.1,0.4,0.35,101
2378,70,11,55,Y,30,0.1,0.4,0.35,102
2379,71,9,45,Y,12,0.1,0.4,0.35,102
2380,72,5,25,Y,13,0.1,0.4,0.35,102
2381,73,7,35,Y,30,0.1,0.4,0.35,104
2382,74,4,20,Y,5,0.1,0.4,0.35,104
2383,75,7,35,N,36,0.1,0.4,0.35,104
2384,76,13,65,Y,32,0.1,0.4,0.35,104
2385,77,12,60,Y,27,0.1,0.4,0.35,105
2386,78,11,55,Y,43,0.1,0.4,0.35,107
2387,79,7,35,Y,12,0.1,0.4,0.35,107
2388,80,13,65,Y,40,0.1,0.4,0.35,108
2389,81,9,45,Y,27,0.1,0.4,0.35,110
2390,82,4,20,Y,10,0.1,0.4,0.35,110
2391,83,5,25,Y,15,0.1,0.4,0.35,110
2392,84,7,35,Y,14,0.1,0.4,0.35,110
2393,85,5,25,Y,17,0.1,0.4,0.35,111
2394,86,8,40,Y,14,0.1,0.4,0.35,112
2395,87,4,20,N,21,0.1,0.4,0.35,113
2396,88,14,70,Y,30,0.1,0.4,0.35,114
2397,89,9,45,Y,22,0.1,0.4,0.35,114
2398,90,13,65,Y,45,0.1,0.4,0.35,116
2399,91,9,45,Y,34,0.1,0.4,0.35,118
2400,92,8,40,Y,27,0.1,0.4,0.35,120
2401,93,5,25,N,26,0.1,0.4,0.35,121
2402,94,4,20,Y,4,0.1,0.4,0.35,121
2403,95,9,45,N,46,0.1,0.4,0.35,125
2404,96,7,35,Y,16,0.1,0.4,0.35,125
2405,97,9,45,Y,18,0.1,0.4,0.35,125
2406,98,4,20,Y,11,0.1,0.4,0.35,125
2407,99,6,30,Y,15,0.1,0.4,0.35,125
2408,0,16,80,Y,69,0.1,0.4,0.4,29
2409,1,12,60,Y,23,0.1,0.4,0.4,31
2410,2,4,20,Y,3,0.1,0.4,0.4,31
2411,3,12,60,Y,16,0.1,0.4,0.4,35
2412,4,6,30,Y,18,0.1,0.4,0.4,35
2413,5,8,40,Y,15,0.1,0.4,0.4,37
2414,6,17,85,Y,33,0.1,0.4,0.4,42
2415,7,9,45,Y,16,0.1,0.4,0.4,42
2416,8,13,65,Y,39,0.1,0.4,0.4,48
2417,9,9,45,Y,24,0.1,0.4,0.4,53
2418,10,19,95,Y,33,0.1,0.4,0.4,53
2419,11,10,50,Y,21,0.1,0.4,0.4,53
2420,12,8,40,Y,15,0.1,0.4,0.4,54
2421,13,14,70,Y,22,0.1,0.4,0.4,55
2422,14,9,45,Y,22,0.1,0.4,0.4,55
2423,15,10,50,Y,20,0.1,0.4,0.4,55
2424,16,9,45,Y,22,0.1,0.4,0.4,58
2425,17,11,55,Y,18,0.1,0.4,0.4,58
2426,18,7,35,Y,12,0.1,0.4,0.4,60
2427,19,9,45,Y,24,0.1,0.4,0.4,62
2428,20,4,20,N,21,0.1,0.4,0.4,65
2429,21,9,45,N,46,0.1,0.4,0.4,78
2430,22,14,70,Y,38,0.1,0.4,0.4,80
2431,23,7,35,Y,15,0.1,0.4,0.4,80
2432,24,11,55,Y,27,0.1,0.4,0.4,81
2433,25,12,60,Y,24,0.1,0.4,0.4,82
2434,26,9,45,Y,15,0.1,0.4,0.4,83
2435,27,11,55,Y,25,0.1,0.4,0.4,85
2436,28,9,45,Y,16,0.1,0.4,0.4,85
2437,29,6,30,Y,7,0.1,0.4,0.4,85
2438,30,5,25,Y,10,0.1,0.4,0.4,87
2439,31,5,25,Y,9,0.1,0.4,0.4,87
2440,32,11,55,Y,35,0.1,0.4,0.4,89
2441,33,14,70,Y,25,0.1,0.4,0.4,90
2442,34,10,50,Y,19,0.1,0.4,0.4,91
2443,35,6,30,Y,10,0.1,0.4,0.4,92
2444,36,5,25,Y,12,0.1,0.4,0.4,92
2445,37,5,25,Y,11,0.1,0.4,0.4,92
2446,38,6,30,Y,6,0.1,0.4,0.4,92
2447,39,10,50,Y,16,0.1,0.4,0.4,92
2448,40,4,20,Y,6,0.1,0.4,0.4,92
2449,41,6,30,Y,18,0.1,0.4,0.4,94
2450,42,14,70,Y,30,0.1,0.4,0.4,94
2451,43,6,30,Y,13,0.1,0.4,0.4,94
2452,44,8,40,Y,9,0.1,0.4,0.4,94
2453,45,7,35,Y,18,0.1,0.4,0.4,94
2454,46,16,80,Y,26,0.1,0.4,0.4,94
2455,47,7,35,Y,25,0.1,0.4,0.4,94
2456,48,8,40,Y,18,0.1,0.4,0.4,94
2457,49,6,30,Y,6,0.1,0.4,0.4,94
2458,50,13,65,Y,19,0.1,0.4,0.4,94
2459,51,8,40,Y,15,0.1,0.4,0.4,94
2460,52,7,35,Y,20,0.1,0.4,0.4,95
2461,53,11,55,Y,26,0.1,0.4,0.4,96
2462,54,6,30,Y,24,0.1,0.4,0.4,99
2463,55,6,30,Y,15,0.1,0.4,0.4,99
2464,56,10,50,Y,23,0.1,0.4,0.4,101
2465,57,6,30,Y,6,0.1,0.4,0.4,101
2466,58,4,20,Y,9,0.1,0.4,0.4,101
2467,59,4,20,Y,9,0.1,0.4,0.4,101
2468,60,14,70,Y,31,0.1,0.4,0.4,104
2469,61,4,20,Y,9,0.1,0.4,0.4,104
2470,62,8,40,Y,13,0.1,0.4,0.4,104
2471,63,4,20,Y,7,0.1,0.4,0.4,104
2472,64,15,75,Y,36,0.1,0.4,0.4,104
2473,65,9,45,Y,42,0.1,0.4,0.4,107
2474,66,7,35,Y,21,0.1,0.4,0.4,107
2475,67,8,40,Y,24,0.1,0.4,0.4,107
2476,68,6,30,Y,18,0.1,0.4,0.4,108
2477,69,6,30,Y,17,0.1,0.4,0.4,108
2478,70,14,70,Y,37,0.1,0.4,0.4,110
2479,71,4,20,Y,7,0.1,0.4,0.4,110
2480,72,14,70,Y,30,0.1,0.4,0.4,110
2481,73,13,65,Y,61,0.1,0.4,0.4,113
2482,74,6,30,Y,17,0.1,0.4,0.4,113
2483,75,14,70,Y,18,0.1,0.4,0.4,115
2484,76,20,100,Y,39,0.1,0.4,0.4,115
2485,77,17,85,Y,7,0.1,0.4,0.4,115
2486,78,4,20,Y,9,0.1,0.4,0.4,115
2487,79,14,70,Y,30,0.1,0.4,0.4,115
2488,80,12,60,Y,15,0.1,0.4,0.4,115
2489,81,9,45,Y,17,0.1,0.4,0.4,116
2490,82,4,20,Y,4,0.1,0.4,0.4,116
2491,83,8,40,Y,9,0.1,0.4,0.4,116
2492,84,7,35,Y,15,0.1,0.4,0.4,116
2493,85,12,60,Y,21,0.1,0.4,0.4,116
2494,86,17,85,Y,42,0.1,0.4,0.4,116
2495,87,13,65,Y,27,0.1,0.4,0.4,118
2496,88,7,35,Y,10,0.1,0.4,0.4,118
2497,89,13,65,Y,40,0.1,0.4,0.4,118
2498,90,8,40,Y,13,0.1,0.4,0.4,118
2499,91,5,25,Y,9,0.1,0.4,0.4,118
2500,92,15,75,Y,46,0.1,0.4,0.4,120
2501,93,4,20,Y,7,0.1,0.4,0.4,120
2502,94,10,50,Y,27,0.1,0.4,0.4,122
2503,95,15,75,Y,43,0.1,0.4,0.4,122
2504,96,9,45,Y,15,0.1,0.4,0.4,122
2505,97,9,45,Y,19,0.1,0.4,0.4,122
2506,98,5,25,Y,4,0.1,0.4,0.4,122
2507,99,6,30,Y,11,0.1,0.4,0.4,122
